{
    "MetaData": {
        "ContentFormatVersion": 4,
        "Id": "3107",
        "Name": "Runic Bulwark",
        "ResourcePath": "DATA/Items/3107.inibin"
    },
    "Values": {
        "Categories": {
            "Armor": 1,
            "AttackSpeed": "0",
            "Aura": 1,
            "Consumable": "0",
            "CriticalStrike": "0",
            "Damage": "0",
            "Health": 1,
            "HealthRegen": 1,
            "LifeSteal": "0",
            "Mana": "0",
            "ManaRegen": "0",
            "Movement": "0",
            "SpellBlock": 1,
            "SpellDamage": "0"
        },
        "Data": {
            "AvatarUniqueEffect": "game_item_uniqueeffect_3037",
            "CanBeDropped": 1,
            "CanBeSold": 1,
            "Clickable": "0",
            "Consumed": "0",
            "Description": "game_item_description_3107",
            "DisappersOnDeath": "0",
            "DisplayName": "game_item_displayname_3107",
            "DropsOnDeath": "0",
            "DynamicTooltip": "game_item_tooltip_3107",
            "EffectRadius": "1200",
            "Epicness": 1,
            "FlatArmorMod": "20",
            "FlatAttackSpeedMod": "0",
            "flatBlockMod": "0",
            "FlatCritChanceMod": "0",
            "FlatCritDamageMod": "0",
            "FlatDodgeMod": "0",
            "flatEXPBonus": "0",
            "FlatHPPoolMod": "300",
            "FlatHPRegenMod": "0",
            "FlatMagicDamageMod": "0",
            "FlatMovementSpeedMod": "0",
            "FlatMPPoolMod": "0",
            "FlatMPRegenMod": "0",
            "FlatPhysicalDamageMod": "0",
            "FlatSpellBlockMod": "30",
            "InStore": "0",
            "InventoryIcon": "3107_Runic_Bulwark.dds",
            "IsRecipe": 1,
            "ItemCalloutPlayer": 1,
            "ItemCalloutSpectator": 1,
            "ItemClass": 2,
            "ItemId": 3107,
            "ItemType": 4,
            "MaxStack": 1,
            "PercentArmorMod": "0",
            "PercentAttackSpeedMod": "0",
            "percentBlockMod": "0",
            "PercentCritChanceMod": "0",
            "PercentCritDamageMod": "0",
            "percentDodgeMod": "0",
            "PercentEXPBonus": "0",
            "PercentHPPoolMod": "0",
            "PercentHPRegenMod": "0",
            "PercentMagicDamageMod": "0",
            "PercentMovementSpeedMod": "0",
            "percentMPPoolMod": "0",
            "PercentMPRegenMod": "0",
            "PercentPhysicalDamageMod": "0",
            "PercentSpellBlockMod": "0",
            "Price": "400",
            "RecipeItem1": "0",
            "RecipeItem2": "0",
            "RecipeItem3": "0",
            "RecipeItem4": "0",
            "UseEffect": "0",
            "UseWhenAcquired": "0"
        },
        "UNKNOWN_HASHES": {
            "213732736": "0",
            "2170881362": "0",
            "2260911910": "0",
            "3993544488": "0"
        }
    }
}