{
    "MetaData": {
        "ContentFormatVersion": 4,
        "Id": "3208",
        "Name": "3208",
        "ResourcePath": "DATA/Items/3208.inibin"
    },
    "Values": {
        "Categories": {
            "Active": 1,
            "Armor": 1,
            "AttackSpeed": "0",
            "Consumable": "0",
            "CooldownReduction": 1,
            "CriticalStrike": "0",
            "Damage": "0",
            "GoldPer": 1,
            "Health": 1,
            "HealthRegen": 1,
            "LifeSteal": "0",
            "Mana": "0",
            "ManaRegen": 1,
            "OnHit": "0",
            "SpellBlock": "0",
            "SpellDamage": "0",
            "Tenacity": "0",
            "Vision": 1
        },
        "Data": {
            "CanBeDropped": 1,
            "CanBeSold": 1,
            "Clickable": 1,
            "Consumed": "0",
            "Description": "game_item_description_3208",
            "DisplayName": "game_item_displayname_3208",
            "DynamicTooltip": "game_item_tooltip_3208",
            "Effect1Amount": 12,
            "Effect2Amount": 9,
            "Effect3Amount": 0.05,
            "Effect4Amount": 5,
            "Effect5Amount": 3,
            "Effect6Amount": -0.1,
            "Effect7Amount": 0.25,
            "Effect8Amount": 65,
            "Epicness": 2,
            "FlatArmorMod": "20",
            "FlatAttackSpeedMod": "0",
            "flatBlockMod": "0",
            "FlatCritChanceMod": "0",
            "FlatCritDamageMod": "0",
            "FlatDodgeMod": "0",
            "flatEXPBonus": "0",
            "FlatHPPoolMod": "200",
            "FlatHPRegenMod": "0",
            "FlatMagicDamageMod": "0",
            "FlatMovementSpeedMod": "0",
            "FlatMPPoolMod": "0",
            "FlatMPRegenMod": "0",
            "FlatPhysicalDamageMod": "0",
            "FlatSpellBlockMod": "0",
            "InStore": 1,
            "InventoryIcon": "3208_SoulEaterGolem_TT.dds",
            "IsRecipe": 1,
            "ItemCalloutSpectator": 1,
            "ItemClass": 2,
            "ItemGroup": "GoldBase",
            "ItemType": 4,
            "MaxStack": 1,
            "PercentArmorMod": "0",
            "PercentAttackSpeedMod": "0",
            "percentBlockMod": "0",
            "PercentCritChanceMod": "0",
            "PercentCritDamageMod": "0",
            "percentDodgeMod": "0",
            "PercentEXPBonus": "0",
            "PercentHPPoolMod": "0",
            "PercentHPRegenMod": "0",
            "PercentLifeStealMod": "0",
            "PercentMagicDamageMod": "0",
            "PercentMovementSpeedMod": "0",
            "percentMPPoolMod": "0",
            "PercentMPRegenMod": "0",
            "PercentPhysicalDamageMod": "0",
            "PercentSpellBlockMod": "0",
            "PercentTenacityItemMod": "0",
            "Price": "450",
            "RecipeItem1": 3204,
            "RecipeItem2": 3067,
            "SellBackModifier": 0.4,
            "SpellName": "HextechSweeper",
            "UseEffect": 1,
            "UseWhenAcquired": "0"
        }
    }
}