{
    "MetaData": {
        "ContentFormatVersion": 4,
        "Id": "3250",
        "Name": "Enchantment: Homeguard",
        "ResourcePath": "DATA/Items/3250.inibin"
    },
    "Values": {
        "Categories": {
            "Armor": "0",
            "AttackSpeed": "0",
            "Boots": "0",
            "Consumable": "0",
            "CriticalStrike": "0",
            "Damage": "0",
            "Health": "0",
            "HealthRegen": "0",
            "LifeSteal": "0",
            "Mana": "0",
            "ManaRegen": "0",
            "Movement": "0",
            "NonbootsMovement": "0",
            "SpellBlock": "0",
            "SpellDamage": "0"
        },
        "Data": {
            "AvatarUniqueEffect": "game_item_uniqueeffect_3006",
            "CanBeDropped": 1,
            "CanBeSold": 1,
            "ClearUndoHistoryOnActivate": 1,
            "Consumed": "0",
            "Description": "game_item_description_EnchantmentHomeguard",
            "DisappersOnDeath": "0",
            "DisplayName": "game_item_displayname_EnchantmentHomeguard",
            "DropsOnDeath": "0",
            "DynamicTooltip": "game_item_tooltip_3006_A",
            "Epicness": 1,
            "FlatArmorMod": "0",
            "FlatAttackSpeedMod": "0",
            "flatBlockMod": "0",
            "FlatCritChanceMod": "0",
            "FlatCritDamageMod": "0",
            "FlatDodgeMod": "0",
            "flatEXPBonus": "0",
            "FlatHPPoolMod": "0",
            "FlatHPRegenMod": "0",
            "FlatMagicDamageMod": "0",
            "FlatMovementSpeedMod": 45,
            "FlatMPPoolMod": "0",
            "FlatMPRegenMod": "0",
            "FlatPhysicalDamageMod": "0",
            "FlatSpellBlockMod": "0",
            "hideFromAll": 1,
            "InStore": 1,
            "InventoryIcon": "3006_Berserkers_Greaves_A.dds",
            "IsRecipe": 1,
            "ItemClass": 2,
            "ItemGroup": "BootsHomeguard",
            "ItemId": "3250",
            "ItemType": 4,
            "MaxStack": 1,
            "PercentArmorMod": "0",
            "PercentAttackSpeedMod": 0.2,
            "percentBlockMod": "0",
            "PercentCritChanceMod": "0",
            "PercentCritDamageMod": "0",
            "percentDodgeMod": "0",
            "PercentEXPBonus": "0",
            "PercentHPPoolMod": "0",
            "PercentHPRegenMod": "0",
            "PercentMagicDamageMod": "0",
            "PercentMovementSpeedMod": "0",
            "percentMPPoolMod": "0",
            "PercentMPRegenMod": "0",
            "PercentPhysicalDamageMod": "0",
            "PercentSpellBlockMod": "0",
            "Price": 475,
            "RecipeItem1": 3006,
            "RecipeItem2": "0",
            "RecipeItem3": "0",
            "RecipeItem4": "0",
            "UseWhenAcquired": "0"
        },
        "UNKNOWN_HASHES": {
            "213732736": "0",
            "2170881362": "0",
            "2260911910": "0",
            "3993544488": "0"
        }
    }
}