{
    "MetaData": {
        "ContentFormatVersion": 4,
        "Id": "3599",
        "Name": "3599",
        "ResourcePath": "DATA/Items/3599.inibin"
    },
    "Values": {
        "Categories": {
            "Active": 1,
            "Armor": "0",
            "AttackSpeed": "0",
            "Consumable": "0",
            "CooldownReduction": "0",
            "CriticalStrike": "0",
            "Damage": "0",
            "Health": "0",
            "HealthRegen": "0",
            "LifeSteal": "0",
            "Mana": "0",
            "ManaRegen": "0",
            "SpellBlock": "0",
            "SpellDamage": "0"
        },
        "Data": {
            "CanBeDropped": 1,
            "CanBeSold": 1,
            "Clickable": 1,
            "Consumed": "0",
            "Description": "game_item_description_3599",
            "DisappersOnDeath": "0",
            "DisplayName": "game_item_displayname_3599",
            "DropsOnDeath": "0",
            "DynamicTooltip": "game_item_tooltip_3599",
            "Epicness": 2,
            "FlatArmorMod": "0",
            "FlatAttackSpeedMod": "0",
            "flatBlockMod": "0",
            "FlatCritChanceMod": "0",
            "FlatCritDamageMod": "0",
            "FlatDodgeMod": "0",
            "flatEXPBonus": "0",
            "FlatHPPoolMod": "0",
            "FlatHPRegenMod": "0",
            "FlatMagicDamageMod": "0",
            "FlatMovementSpeedMod": "0",
            "FlatMPPoolMod": "0",
            "FlatMPRegenMod": "0",
            "FlatPhysicalDamageMod": "0",
            "FlatSpellBlockMod": "0",
            "InStore": 1,
            "InventoryIcon": "3599_KalistaPassiveItem.dds",
            "IsRecipe": "0",
            "ItemCalloutSpectator": 1,
            "ItemClass": 2,
            "ItemGroup": "TheBlackSpear",
            "ItemType": 2,
            "MaxStack": 1,
            "PercentArmorMod": "0",
            "PercentAttackSpeedMod": "0",
            "percentBlockMod": "0",
            "PercentCooldownMod": "0",
            "PercentCritChanceMod": "0",
            "PercentCritDamageMod": "0",
            "percentDodgeMod": "0",
            "PercentEXPBonus": "0",
            "PercentHPPoolMod": "0",
            "PercentHPRegenMod": "0",
            "PercentLifeStealMod": "0",
            "PercentMagicDamageMod": "0",
            "PercentMovementSpeedMod": "0",
            "percentMPPoolMod": "0",
            "PercentMPRegenMod": "0",
            "PercentPhysicalDamageMod": "0",
            "PercentSpellBlockMod": "0",
            "Price": "0",
            "RecipeItem1": "0",
            "RecipeItem2": "0",
            "RecipeItem3": "0",
            "RecipeItem4": "0",
            "RequiredChampion": "Kalista",
            "ShowInActiveItemDisplay": 1,
            "SpellName": "KalistaPSpellCast",
            "UseEffect": 1,
            "UseWhenAcquired": "0"
        }
    }
}