{
    "MetaData": {
        "ContentFormatVersion": 4,
        "Id": "3028",
        "Name": "Chalice of Harmony",
        "ResourcePath": "DATA/Items/3028.inibin"
    },
    "Values": {
        "Builds": {
            "Item1": 3174,
            "Item2": 3222
        },
        "Categories": {
            "Armor": "0",
            "AttackSpeed": "0",
            "Consumable": "0",
            "CriticalStrike": "0",
            "Damage": "0",
            "Health": "0",
            "HealthRegen": "0",
            "LifeSteal": "0",
            "Mana": "0",
            "ManaRegen": 1,
            "Movement": "0",
            "SpellBlock": 1,
            "SpellDamage": "0"
        },
        "Data": {
            "AvatarUniqueEffect": "game_item_uniqueeffect_3028",
            "CanBeDropped": 1,
            "CanBeSold": 1,
            "Consumed": "0",
            "Description": "game_item_description_3028",
            "DisappersOnDeath": "0",
            "DisplayName": "game_item_displayname_3028",
            "DropsOnDeath": "0",
            "DynamicTooltip": "game_item_tooltip_3028",
            "Epicness": 1,
            "FlatArmorMod": "0",
            "FlatAttackSpeedMod": "0",
            "flatBlockMod": "0",
            "FlatCritChanceMod": "0",
            "FlatCritDamageMod": "0",
            "FlatDodgeMod": "0",
            "flatEXPBonus": "0",
            "FlatHPPoolMod": "0",
            "FlatHPRegenMod": "0",
            "FlatMagicDamageMod": "0",
            "FlatMovementSpeedMod": "0",
            "FlatMPPoolMod": "0",
            "FlatMPRegenMod": 1.4,
            "FlatPhysicalDamageMod": "0",
            "FlatSpellBlockMod": 25,
            "InStore": 1,
            "InventoryIcon": "3028_Harmony_Ring.dds",
            "IsRecipe": 1,
            "ItemClass": 2,
            "ItemId": 3028,
            "ItemType": 4,
            "MaxStack": 1,
            "PercentArmorMod": "0",
            "PercentAttackSpeedMod": "0",
            "percentBlockMod": "0",
            "PercentCritChanceMod": "0",
            "PercentCritDamageMod": "0",
            "percentDodgeMod": "0",
            "PercentEXPBonus": "0",
            "PercentHPPoolMod": "0",
            "PercentHPRegenMod": "0",
            "PercentMagicDamageMod": "0",
            "PercentMovementSpeedMod": "0",
            "percentMPPoolMod": "0",
            "PercentMPRegenMod": "0",
            "PercentPhysicalDamageMod": "0",
            "PercentSpellBlockMod": "0",
            "Price": "120",
            "RecipeItem1": 1004,
            "RecipeItem2": 1033,
            "RecipeItem3": 1004,
            "RecipeItem4": "0",
            "UseEffect": "0",
            "UseWhenAcquired": "0"
        },
        "UNKNOWN_HASHES": {
            "213732736": "0",
            "2170881362": "0",
            "2260911910": "0",
            "3976617751": "upassive",
            "3993544488": "0"
        }
    }
}