{
    "MetaData": {
        "ContentFormatVersion": 4,
        "Id": "3197",
        "Name": "Augment: Gravity",
        "ResourcePath": "DATA/Items/3197.inibin"
    },
    "Values": {
        "Categories": {
            "Armor": "0",
            "AttackSpeed": "0",
            "Consumable": "0",
            "CooldownReduction": 1,
            "CriticalStrike": "0",
            "Damage": "0",
            "Health": "0",
            "HealthRegen": "0",
            "LifeSteal": "0",
            "Mana": 1,
            "ManaRegen": 1,
            "Movement": "0",
            "SpellBlock": "0",
            "SpellDamage": "0"
        },
        "Data": {
            "AvatarUniqueEffect": "game_item_uniqueeffect_3001",
            "CanBeDropped": 1,
            "CanBeSold": "0",
            "Consumed": "0",
            "Description": "game_item_description_3197",
            "DisappersOnDeath": "0",
            "DisplayName": "game_item_displayname_3197",
            "DropsOnDeath": "0",
            "DynamicTooltip": "game_item_tooltip_3197",
            "Epicness": 1,
            "FlatArmorMod": "0",
            "FlatAttackSpeedMod": "0",
            "flatBlockMod": "0",
            "FlatCritChanceMod": "0",
            "FlatCritDamageMod": "0",
            "FlatDodgeMod": "0",
            "flatEXPBonus": "0",
            "FlatHPPoolMod": "0",
            "FlatHPRegenMod": "0",
            "FlatMagicDamageMod": "0",
            "FlatMovementSpeedMod": "0",
            "FlatMPPoolMod": "200",
            "FlatMPRegenMod": 1,
            "FlatPhysicalDamageMod": "0",
            "FlatSpellBlockMod": "0",
            "InStore": 1,
            "InventoryIcon": "3197_AugmentW.dds",
            "IsRecipe": 1,
            "ItemCalloutSpectator": 1,
            "ItemClass": 2,
            "ItemId": 3197,
            "ItemType": 2,
            "MaxStack": 1,
            "PercentArmorMod": "0",
            "PercentAttackSpeedMod": "0",
            "percentBlockMod": "0",
            "PercentCritChanceMod": "0",
            "PercentCritDamageMod": "0",
            "percentDodgeMod": "0",
            "PercentEXPBonus": "0",
            "PercentHPPoolMod": "0",
            "PercentHPRegenMod": "0",
            "PercentMagicDamageMod": "0",
            "PercentMovementSpeedMod": "0",
            "percentMPPoolMod": "0",
            "PercentMPRegenMod": "0",
            "PercentPhysicalDamageMod": "0",
            "PercentSpellBlockMod": "0",
            "Price": "1000",
            "RecipeItem1": "3200",
            "RequiredChampion": "Viktor",
            "RequiredItem1": "3200",
            "SpellName": "ViktorHexCore",
            "UseEffect": "0",
            "UseWhenAcquired": "0"
        },
        "UNKNOWN_HASHES": {
            "213732736": "0",
            "2170881362": "0",
            "2260911910": "0",
            "3993544488": "0"
        }
    }
}