{
    "MetaData": {
        "ContentFormatVersion": 4,
        "Id": "2139",
        "Name": "2139",
        "ResourcePath": "DATA/Items/2139.inibin"
    },
    "Values": {
        "Categories": {
            "Armor": "0",
            "AttackSpeed": "0",
            "Consumable": 1,
            "CooldownReduction": "0",
            "CriticalStrike": "0",
            "Damage": "0",
            "Health": "0",
            "HealthRegen": "0",
            "LifeSteal": "0",
            "Mana": "0",
            "ManaRegen": 1,
            "SpellBlock": "0",
            "SpellDamage": 1
        },
        "Data": {
            "AvatarUniqueEffect": "game_item_uniqueeffect_2139",
            "CanBeDropped": 1,
            "CanBeSold": 1,
            "Clickable": 1,
            "Consumed": 1,
            "Description": "game_item_description_2139",
            "DisappersOnDeath": "0",
            "DisplayName": "game_item_displayname_2139",
            "DropsOnDeath": "0",
            "DynamicTooltip": "game_item_tooltip_2139",
            "Effect1Amount": "40",
            "Effect2Amount": "40",
            "Effect3Amount": 25,
            "Effect4Amount": 3,
            "Effect5Amount": 5,
            "Effect6Amount": 3,
            "Effect8Amount": 9,
            "Epicness": "0",
            "FlatArmorMod": "0",
            "FlatAttackSpeedMod": "0",
            "flatBlockMod": "0",
            "FlatCritChanceMod": "0",
            "FlatCritDamageMod": "0",
            "FlatDodgeMod": "0",
            "flatEXPBonus": "0",
            "FlatHPPoolMod": "0",
            "FlatHPRegenMod": "0",
            "FlatMagicDamageMod": "0",
            "FlatMovementSpeedMod": "0",
            "FlatMPPoolMod": "0",
            "FlatMPRegenMod": "0",
            "FlatPhysicalDamageMod": "0",
            "FlatSpellBlockMod": "0",
            "InStore": 1,
            "InventoryIcon": "2139_Elixir_of_Sorcery.dds",
            "IsRecipe": "0",
            "ItemClass": 1,
            "ItemGroup": "Flasks",
            "ItemType": 1,
            "MaxStack": 1,
            "PercentArmorMod": "0",
            "PercentAttackSpeedMod": "0",
            "percentBlockMod": "0",
            "PercentCritChanceMod": "0",
            "PercentCritDamageMod": "0",
            "percentDodgeMod": "0",
            "PercentEXPBonus": "0",
            "PercentHPPoolMod": "0",
            "PercentHPRegenMod": "0",
            "PercentMagicDamageMod": "0",
            "PercentMovementSpeedMod": "0",
            "percentMPPoolMod": "0",
            "PercentMPRegenMod": "0",
            "PercentPhysicalDamageMod": "0",
            "PercentSpellBlockMod": "0",
            "Price": "400",
            "RequiredLevel": 9,
            "SellBackModifier": 0.4,
            "SpellName": "ElixirOfSorcery",
            "UsableInStore": 1,
            "UseEffect": 1,
            "UseWhenAcquired": "0"
        }
    }
}