{
    "MetaData": {
        "ContentFormatVersion": 4,
        "Id": "2053",
        "Name": "2053",
        "ResourcePath": "DATA/Items/2053.inibin"
    },
    "Values": {
        "Categories": {
            "Armor": 1,
            "AttackSpeed": "0",
            "Consumable": "0",
            "CriticalStrike": "0",
            "Damage": "0",
            "Health": "0",
            "HealthRegen": 1,
            "LifeSteal": "0",
            "Mana": "0",
            "ManaRegen": "0",
            "NonbootsMovement": 1,
            "SpellBlock": "0",
            "SpellDamage": "0"
        },
        "Data": {
            "AvatarUniqueEffect": "game_item_uniqueeffect_2053",
            "CanBeDropped": 1,
            "CanBeSold": 1,
            "Consumed": "0",
            "Description": "game_item_description_2053",
            "DisappersOnDeath": "0",
            "DisplayName": "game_item_displayname_2053",
            "DropsOnDeath": 1,
            "DynamicTooltip": "game_item_tooltip_2053",
            "Effect1Amount": "30",
            "Epicness": "0",
            "FlatArmorMod": "30",
            "FlatAttackSpeedMod": "0",
            "flatBlockMod": "0",
            "FlatCritChanceMod": "0",
            "FlatCritDamageMod": "0",
            "FlatDodgeMod": "0",
            "flatEXPBonus": "0",
            "FlatHPPoolMod": "0",
            "FlatHPRegenMod": "0",
            "FlatMagicDamageMod": "0",
            "FlatMovementSpeedMod": "0",
            "FlatMPPoolMod": "0",
            "FlatMPRegenMod": "0",
            "FlatPhysicalDamageMod": "0",
            "FlatSpellBlockMod": "0",
            "InStore": 1,
            "InventoryIcon": "2053_Raptor_Cloak.dds",
            "IsRecipe": 1,
            "ItemClass": 2,
            "ItemType": 2,
            "MaxStack": 1,
            "PercentArmorMod": "0",
            "PercentAttackSpeedMod": "0",
            "PercentBaseHPRegenMod": 1,
            "PercentBaseMPRegenMod": "0",
            "percentBlockMod": "0",
            "PercentCritChanceMod": "0",
            "PercentCritDamageMod": "0",
            "percentDodgeMod": "0",
            "PercentEXPBonus": "0",
            "PercentHPPoolMod": "0",
            "PercentHPRegenMod": "0",
            "PercentMagicDamageMod": "0",
            "PercentMovementSpeedMod": "0",
            "percentMPPoolMod": "0",
            "PercentMPRegenMod": "0",
            "PercentPhysicalDamageMod": "0",
            "PercentSpellBlockMod": "0",
            "Price": "520",
            "RecipeItem1": 1006,
            "RecipeItem2": 1029,
            "RecipeItem4": "0",
            "SellBackModifier": 0.7,
            "UseEffect": "0",
            "UseWhenAcquired": "0"
        }
    }
}