{
    "MetaData": {
        "ContentFormatVersion": 4,
        "Id": "3205",
        "Name": "3205",
        "ResourcePath": "DATA/Items/3205.inibin"
    },
    "Values": {
        "Builds": {
            "Item1": 3207
        },
        "Categories": {
            "Active": 1,
            "Armor": 1,
            "AttackSpeed": "0",
            "Consumable": "0",
            "CooldownReduction": "0",
            "CriticalStrike": "0",
            "Damage": "0",
            "Health": "0",
            "HealthRegen": 1,
            "LifeSteal": "0",
            "Mana": "0",
            "ManaRegen": 1,
            "OnHit": "0",
            "SpellBlock": "0",
            "SpellDamage": "0",
            "Vision": 1
        },
        "Data": {
            "CanBeDropped": 1,
            "CanBeSold": 1,
            "Clickable": 1,
            "Consumed": "0",
            "Description": "game_item_description_3205",
            "DisplayName": "game_item_displayname_3205",
            "DynamicTooltip": "game_item_tooltip_3205",
            "Effect1Amount": 8,
            "Effect2Amount": 6,
            "Effect3Amount": 0.05,
            "Effect4Amount": "50",
            "Epicness": 2,
            "FlatArmorMod": "20",
            "FlatAttackSpeedMod": "0",
            "flatBlockMod": "0",
            "FlatCritChanceMod": "0",
            "FlatCritDamageMod": "0",
            "FlatDodgeMod": "0",
            "flatEXPBonus": "0",
            "FlatHPPoolMod": "0",
            "FlatHPRegenMod": "0",
            "FlatMagicDamageMod": "0",
            "FlatMovementSpeedMod": "0",
            "FlatMPPoolMod": "0",
            "FlatMPRegenMod": "0",
            "FlatPhysicalDamageMod": "0",
            "FlatSpellBlockMod": "0",
            "InStore": 1,
            "InventoryIcon": "3205_QuillCoat.dds",
            "IsRecipe": 1,
            "ItemCalloutSpectator": "0",
            "ItemClass": 2,
            "ItemType": 4,
            "MaxStack": 1,
            "PercentArmorMod": "0",
            "PercentAttackSpeedMod": "0",
            "percentBlockMod": "0",
            "PercentCritChanceMod": "0",
            "PercentCritDamageMod": "0",
            "percentDodgeMod": "0",
            "PercentEXPBonus": "0",
            "PercentHPPoolMod": "0",
            "PercentHPRegenMod": "0",
            "PercentLifeStealMod": "0",
            "PercentMagicDamageMod": "0",
            "PercentMovementSpeedMod": "0",
            "percentMPPoolMod": "0",
            "PercentMPRegenMod": "0",
            "PercentPhysicalDamageMod": "0",
            "PercentSpellBlockMod": "0",
            "Price": 75,
            "RecipeItem1": 1039,
            "RecipeItem2": 1029,
            "RecipeItem3": "0",
            "RecipeItem4": "0",
            "SpellName": "SpiritLantern",
            "UseEffect": 1,
            "UseWhenAcquired": "0"
        }
    }
}