{
    "MetaData": {
        "ContentFormatVersion": 2,
        "Id": 1053,
        "Name": "Vampiric Scepter",
        "ResourcePath": "DATA/Items/1053.inibin"
    },
    "Values": {
        "Data": {
            "CanBeSold": 1,
            "Consumed": "0",
            "Description": "game_item_description_1053",
            "DisplayName": "game_item_displayname_1053",
            "DynamicTooltip": "game_item_tooltip_1053",
            "Epicness": "0",
            "FlatArmorMod": "0",
            "FlatCritChanceMod": "0",
            "FlatCritDamageMod": "0",
            "FlatDodgeMod": "0",
            "FlatHPPoolMod": "0",
            "FlatHPRegenMod": "0",
            "FlatMagicDamageMod": "0",
            "FlatMovementSpeedMod": "0",
            "FlatMPPoolMod": "0",
            "FlatMPRegenMod": "0",
            "FlatPhysicalDamageMod": "10",
            "FlatSpellBlockMod": "0",
            "InStore": 1,
            "InventoryIcon": "1053_Vampiric_Scepter.dds",
            "IsRecipe": 1,
            "MaxStack": 1,
            "PercentArmorMod": "0",
            "PercentAttackSpeedMod": "0",
            "PercentCritDamageMod": "0",
            "PercentEXPBonus": "0",
            "PercentHPPoolMod": "0",
            "PercentHPRegenMod": "0",
            "PercentLifeStealMod": 0.08,
            "PercentMagicDamageMod": "0",
            "PercentMovementSpeedMod": "0",
            "PercentMPPoolMod": "0",
            "PercentMPRegenMod": "0",
            "PercentPhysicalDamageMod": "0",
            "PercentSpellBlockMod": "0",
            "Price": "440",
            "RecipeItem1": 1036,
            "RecipeItem2": "0"
        },
        "UNKNOWN_HASHES": {
            "1416335451": "0",
            "1652767513": "3050",
            "1652767514": 3144,
            "1652767515": 3181,
            "1652767516": 3072,
            "1652767517": 3074,
            "1761956015": "0",
            "1861317573": 1,
            "2039572956": "0",
            "2168244529": "0",
            "2199193779": "0",
            "2236684456": "0",
            "2378441949": 1,
            "26371053": 1,
            "2703868165": 2,
            "3269962320": "0",
            "3444378282": "0",
            "3562272462": "0",
            "3723078833": "0",
            "3803087215": "0",
            "3899547640": "0",
            "401384653": 4,
            "4016718705": "0",
            "4121104762": "0",
            "4123527635": "0",
            "4138078719": "0",
            "533725361": "0",
            "539696123": "game_item_uniqueeffect_1053",
            "577028501": "0",
            "771952745": "0",
            "993917218": "0"
        }
    }
}