{
    "MetaData": {
        "ContentFormatVersion": 4,
        "Id": "4123",
        "Name": "4123",
        "ResourcePath": "DATA/Items/4123.inibin"
    },
    "Values": {
        "Data": {
            "AvatarUniqueEffect": "game_item_uniqueeffect_4123",
            "CanBeDropped": 1,
            "CanBeSold": 1,
            "Consumed": "0",
            "Description": "game_item_description_4123",
            "DisappersOnDeath": "0",
            "DisplayName": "game_item_displayname_4123",
            "DropsOnDeath": "0",
            "FlatArmorMod": "0",
            "FlatAttackSpeedMod": "0",
            "flatBlockMod": "0",
            "FlatCritChanceMod": "0",
            "FlatCritDamageMod": "0",
            "FlatDodgeMod": "0",
            "flatEXPBonus": "0",
            "FlatHPPoolMod": 7,
            "FlatHPRegenMod": "0",
            "FlatMagicDamageMod": "0",
            "FlatMovementSpeedMod": "0",
            "FlatMPPoolMod": "0",
            "FlatMPRegenMod": "0",
            "FlatPhysicalDamageMod": "0",
            "FlatSpellBlockMod": "0",
            "InStore": "0",
            "InventoryIcon": "",
            "IsRecipe": 1,
            "ItemClass": 2,
            "ItemType": 4,
            "MaxStack": 1,
            "PercentArmorMod": "0",
            "PercentAttackSpeedMod": "0",
            "percentBlockMod": "0",
            "PercentCritChanceMod": "0",
            "PercentCritDamageMod": "0",
            "percentDodgeMod": "0",
            "PercentEXPBonus": "0",
            "PercentHPPoolMod": "0",
            "PercentHPRegenMod": "0",
            "PercentMagicDamageMod": "0",
            "PercentMovementSpeedMod": 0.0125,
            "percentMPPoolMod": "0",
            "PercentMPRegenMod": "0",
            "PercentPhysicalDamageMod": "0",
            "PercentSpellBlockMod": "0",
            "Price": "100",
            "RecipeItem1": "0",
            "RecipeItem2": "0",
            "RecipeItem3": "0",
            "RecipeItem4": "0",
            "UseEffect": "0",
            "UseWhenAcquired": "0"
        },
        "UNKNOWN_HASHES": {
            "1546321377": 1,
            "2568207556": "0",
            "3448275386": 1,
            "3518384458": 1,
            "973892934": "Boots"
        }
    }
}