{
    "MetaData": {
        "ContentFormatVersion": 4,
        "Id": "3090",
        "Name": "Wooglet's Witchcap",
        "ResourcePath": "DATA/Items/3090.inibin"
    },
    "Values": {
        "Categories": {
            "Active": 1,
            "Armor": 1,
            "AttackSpeed": "0",
            "Consumable": "0",
            "CriticalStrike": "0",
            "Damage": "0",
            "Health": "0",
            "HealthRegen": "0",
            "LifeSteal": "0",
            "Mana": "0",
            "ManaRegen": "0",
            "Movement": "0",
            "SpellBlock": "0",
            "SpellDamage": 1
        },
        "Data": {
            "AvatarUniqueEffect": "game_item_uniqueeffect_3090",
            "CanBeDropped": 1,
            "CanBeSold": 1,
            "Clickable": 1,
            "Consumed": "0",
            "Description": "game_item_description_3090",
            "DisappersOnDeath": "0",
            "DisplayName": "game_item_displayname_3090",
            "DropsOnDeath": "0",
            "DynamicTooltip": "game_item_tooltip_3090",
            "Epicness": 2,
            "FlatArmorMod": 45,
            "FlatAttackSpeedMod": "0",
            "flatBlockMod": "0",
            "FlatCritChanceMod": "0",
            "FlatCritDamageMod": "0",
            "FlatDodgeMod": "0",
            "flatEXPBonus": "0",
            "FlatHPPoolMod": "0",
            "FlatHPRegenMod": "0",
            "FlatMagicDamageMod": "100",
            "FlatMovementSpeedMod": "0",
            "FlatMPPoolMod": "0",
            "FlatMPRegenMod": "0",
            "FlatPhysicalDamageMod": "0",
            "FlatSpellBlockMod": "0",
            "InStore": 1,
            "InventoryIcon": "3090_Wooglets_Witchcap.dds",
            "IsRecipe": 1,
            "ItemCalloutSpectator": 1,
            "ItemClass": 2,
            "ItemId": "3090",
            "ItemType": 4,
            "MaxStack": 1,
            "PercentArmorMod": "0",
            "PercentAttackSpeedMod": "0",
            "percentBlockMod": "0",
            "PercentCritChanceMod": "0",
            "PercentCritDamageMod": "0",
            "percentDodgeMod": "0",
            "PercentEXPBonus": "0",
            "PercentHPPoolMod": "0",
            "PercentHPRegenMod": "0",
            "PercentMagicDamageMod": "0",
            "PercentMovementSpeedMod": "0",
            "percentMPPoolMod": "0",
            "PercentMPRegenMod": "0",
            "PercentPhysicalDamageMod": "0",
            "PercentSpellBlockMod": "0",
            "Price": 1045,
            "RecipeItem1": 3191,
            "RecipeItem2": 1026,
            "RecipeItem3": 1052,
            "SpellName": "ZhonyasHourglass",
            "UseEffect": 1,
            "UseWhenAcquired": "0"
        },
        "UNKNOWN_HASHES": {
            "213732736": "0",
            "2170881362": "0",
            "2260911910": "0",
            "3993544488": "0"
        }
    }
}