{
    "MetaData": {
        "ContentFormatVersion": 4,
        "Id": "3069",
        "Name": "Talisman of Ascension",
        "ResourcePath": "DATA/Items/3069.inibin"
    },
    "Values": {
        "Categories": {
            "Active": 1,
            "Armor": "0",
            "AttackSpeed": "0",
            "Boots": "0",
            "Consumable": "0",
            "CooldownReduction": 1,
            "CriticalStrike": "0",
            "Damage": "0",
            "GoldPer": 1,
            "Health": "0",
            "HealthRegen": 1,
            "LifeSteal": "0",
            "Mana": "0",
            "ManaRegen": 1,
            "Movement": 1,
            "NonbootsMovement": 1,
            "SpellBlock": "0",
            "SpellDamage": "0"
        },
        "Data": {
            "AvatarUniqueEffect": "game_item_uniqueeffect_3069",
            "CanBeDropped": 1,
            "CanBeSold": 1,
            "Clickable": 1,
            "Consumed": "0",
            "Description": "game_item_description_3069",
            "DisappersOnDeath": "0",
            "DisplayName": "game_item_displayname_3069",
            "DropsOnDeath": "0",
            "DynamicTooltip": "game_item_tooltip_3069",
            "EffectRadius": "700",
            "Epicness": 2,
            "FlatArmorMod": "0",
            "FlatAttackSpeedMod": "0",
            "flatBlockMod": "0",
            "FlatCritChanceMod": "0",
            "FlatCritDamageMod": "0",
            "FlatDodgeMod": "0",
            "flatEXPBonus": "0",
            "FlatHPPoolMod": "0",
            "FlatHPRegenMod": 2,
            "FlatMagicDamageMod": "0",
            "FlatMovementSpeedMod": "0",
            "FlatMPPoolMod": "0",
            "FlatMPRegenMod": 3,
            "FlatPhysicalDamageMod": "0",
            "FlatSpellBlockMod": "0",
            "InStore": 1,
            "InventoryIcon": "3069_Shurelyas_Firecrest.dds",
            "IsRecipe": 1,
            "ItemCalloutPlayer": 1,
            "ItemCalloutSpectator": 1,
            "ItemClass": 2,
            "ItemGroup": "GoldBase",
            "ItemId": 3069,
            "ItemType": 4,
            "MaxStack": 1,
            "PercentArmorMod": "0",
            "PercentAttackSpeedMod": "0",
            "percentBlockMod": "0",
            "PercentCritChanceMod": "0",
            "PercentCritDamageMod": "0",
            "percentDodgeMod": "0",
            "PercentEXPBonus": "0",
            "PercentHPPoolMod": "0",
            "PercentHPRegenMod": "0",
            "PercentMagicDamageMod": "0",
            "PercentMovementSpeedMod": "0",
            "percentMPPoolMod": "0",
            "PercentMPRegenMod": "0",
            "PercentPhysicalDamageMod": "0",
            "PercentSpellBlockMod": "0",
            "Price": 585,
            "RecipeItem1": 3096,
            "RecipeItem2": 3114,
            "RecipeItem3": "0",
            "RecipeItem4": "0",
            "SellBackModifier": "0.4",
            "SpellName": "shurelyascrest",
            "UseEffect": 1,
            "UseWhenAcquired": "0"
        },
        "UNKNOWN_HASHES": {
            "213732736": "0",
            "2170881362": "0",
            "2260911910": "0",
            "3993544488": "0"
        }
    }
}