{
    "MetaData": {
        "ContentFormatVersion": 4,
        "Id": "3111",
        "Name": "Mercury's Treads",
        "ResourcePath": "DATA/Items/3111.inibin"
    },
    "Values": {
        "Builds": {
            "Item1": 3269,
            "Item2": 3268,
            "Item3": 3267,
            "Item4": 3266,
            "Item5": 3265
        },
        "Categories": {
            "Armor": "0",
            "AttackSpeed": "0",
            "Boots": 1,
            "Consumable": "0",
            "CriticalStrike": "0",
            "Damage": "0",
            "Health": "0",
            "HealthRegen": "0",
            "LifeSteal": "0",
            "Mana": "0",
            "ManaRegen": "0",
            "Movement": 1,
            "NonbootsMovement": "0",
            "SpellBlock": 1,
            "SpellDamage": "0",
            "Tenacity": 1
        },
        "Data": {
            "AvatarUniqueEffect": "game_item_uniqueeffect_3037",
            "CanBeDropped": 1,
            "CanBeSold": 1,
            "Consumed": "0",
            "Description": "game_item_description_3111",
            "DisappersOnDeath": "0",
            "DisplayName": "game_item_displayname_3111",
            "DropsOnDeath": "0",
            "DynamicTooltip": "game_item_tooltip_3111",
            "Epicness": 1,
            "FlatArmorMod": "0",
            "FlatAttackSpeedMod": "0",
            "flatBlockMod": "0",
            "FlatCritChanceMod": "0",
            "FlatCritDamageMod": "0",
            "FlatDodgeMod": "0",
            "flatEXPBonus": "0",
            "FlatHPPoolMod": "0",
            "FlatHPRegenMod": "0",
            "FlatMagicDamageMod": "0",
            "FlatMovementSpeedMod": 45,
            "FlatMPPoolMod": "0",
            "FlatMPRegenMod": "0",
            "FlatPhysicalDamageMod": "0",
            "FlatSpellBlockMod": 25,
            "InStore": 1,
            "InventoryIcon": "3008_Boots_Of_Swiftness.dds",
            "IsRecipe": 1,
            "ItemClass": 2,
            "ItemId": 3111,
            "ItemType": 4,
            "MaxStack": 1,
            "PercentArmorMod": "0",
            "PercentAttackSpeedMod": "0",
            "percentBlockMod": "0",
            "PercentCritChanceMod": "0",
            "PercentCritDamageMod": "0",
            "percentDodgeMod": "0",
            "PercentEXPBonus": "0",
            "PercentHPPoolMod": "0",
            "PercentHPRegenMod": "0",
            "PercentMagicDamageMod": "0",
            "PercentMovementSpeedMod": "0",
            "percentMPPoolMod": "0",
            "PercentMPRegenMod": "0",
            "PercentPhysicalDamageMod": "0",
            "PercentSpellBlockMod": "0",
            "PercentTenacityItemMod": "0",
            "Price": 475,
            "RecipeItem1": 1001,
            "RecipeItem2": 1033,
            "RecipeItem3": "0",
            "RecipeItem4": "0",
            "UseEffect": "0",
            "UseWhenAcquired": "0"
        },
        "UNKNOWN_HASHES": {
            "213732736": "0",
            "2170881362": "0",
            "2260911910": "0",
            "3993544488": "0"
        }
    }
}