{
    "MetaData": {
        "ContentFormatVersion": 4,
        "Id": "3207",
        "Name": "Spirit of the Ancient Golem",
        "ResourcePath": "DATA/Items/3207.inibin"
    },
    "Values": {
        "Categories": {
            "Armor": "0",
            "AttackSpeed": "0",
            "Consumable": "0",
            "CooldownReduction": 1,
            "CriticalStrike": "0",
            "Damage": "0",
            "GoldPer": 1,
            "Health": 1,
            "HealthRegen": "0",
            "LifeSteal": "0",
            "Mana": "0",
            "ManaRegen": "0",
            "Movement": "0",
            "OnHit": "0",
            "SpellBlock": "0",
            "SpellDamage": "0",
            "Tenacity": 1
        },
        "Data": {
            "AvatarUniqueEffect": "game_item_uniqueeffect_3207",
            "CanBeDropped": 1,
            "CanBeSold": 1,
            "Consumed": "0",
            "Description": "game_item_description_3207",
            "DisappersOnDeath": "0",
            "DisplayName": "game_item_displayname_3207",
            "DropsOnDeath": "0",
            "DynamicTooltip": "game_item_tooltip_3207",
            "Epicness": 2,
            "FlatArmorMod": "0",
            "FlatAttackSpeedMod": "0",
            "flatBlockMod": "0",
            "FlatCritChanceMod": "0",
            "FlatCritDamageMod": "0",
            "FlatDodgeMod": "0",
            "flatEXPBonus": "0",
            "FlatHPPoolMod": "350",
            "FlatHPRegenMod": "0",
            "FlatMagicDamageMod": "0",
            "FlatMovementSpeedMod": "0",
            "FlatMPPoolMod": "0",
            "FlatMPRegenMod": "0",
            "FlatPhysicalDamageMod": "0",
            "FlatSpellBlockMod": "0",
            "InStore": 1,
            "InventoryIcon": "3207_SoulEaterGolem.dds",
            "IsRecipe": 1,
            "ItemCalloutSpectator": 1,
            "ItemClass": 2,
            "ItemGroup": "GoldBase",
            "ItemId": 3207,
            "ItemType": 4,
            "MaxStack": 1,
            "PercentArmorMod": "0",
            "PercentAttackSpeedMod": "0",
            "percentBlockMod": "0",
            "PercentCritChanceMod": "0",
            "PercentCritDamageMod": "0",
            "percentDodgeMod": "0",
            "PercentEXPBonus": "0",
            "PercentHPPoolMod": "0",
            "PercentHPRegenMod": "0",
            "PercentLifeStealMod": "0",
            "PercentMagicDamageMod": "0",
            "PercentMovementSpeedMod": "0",
            "percentMPPoolMod": "0",
            "PercentMPRegenMod": "0",
            "PercentPhysicalDamageMod": "0",
            "PercentSpellBlockMod": "0",
            "PercentTenacityItemMod": "0",
            "Price": "450",
            "RecipeItem1": "1080",
            "RecipeItem2": 3067,
            "RecipeItem3": "0",
            "RecipeItem4": "0",
            "SellBackModifier": "0.4",
            "SpellName": "AtmasImpalerDummySpell",
            "UseEffect": "0",
            "UseWhenAcquired": "0"
        },
        "UNKNOWN_HASHES": {
            "213732736": "0",
            "2170881362": "0",
            "2260911910": "0",
            "3993544488": "0"
        }
    }
}