{
    "MetaData": {
        "ContentFormatVersion": 4,
        "Id": "3160",
        "Name": "Feral Flare",
        "ResourcePath": "DATA/Items/3160.inibin"
    },
    "Values": {
        "Categories": {
            "Active": "0",
            "Armor": "0",
            "AttackSpeed": 1,
            "Consumable": "0",
            "CriticalStrike": "0",
            "Damage": 1,
            "GoldPer": "0",
            "Health": "0",
            "HealthRegen": "0",
            "LifeSteal": "0",
            "Mana": "0",
            "ManaRegen": "0",
            "Movement": "0",
            "OnHit": 1,
            "SpellBlock": "0",
            "SpellDamage": "0"
        },
        "Data": {
            "AvatarUniqueEffect": "game_item_uniqueeffect_3037",
            "BuildDepth": 4,
            "CanBeDropped": 1,
            "CanBeSold": 1,
            "Clickable": 1,
            "Consumed": "0",
            "Description": "game_item_description_3160",
            "DisappersOnDeath": "0",
            "DisplayName": "game_item_displayname_3160",
            "DropsOnDeath": "0",
            "DynamicTooltip": "game_item_tooltip_3160",
            "Epicness": 1,
            "FlatArmorMod": "0",
            "FlatAttackSpeedMod": "0",
            "flatBlockMod": "0",
            "FlatCritChanceMod": "0",
            "FlatCritDamageMod": "0",
            "FlatDodgeMod": "0",
            "flatEXPBonus": "0",
            "FlatHPPoolMod": "0",
            "FlatHPRegenMod": "0",
            "FlatMagicDamageMod": "0",
            "FlatMovementSpeedMod": "0",
            "FlatMPPoolMod": "0",
            "FlatMPRegenMod": "0",
            "FlatPhysicalDamageMod": 12,
            "FlatSpellBlockMod": "0",
            "ForceLoad": 1,
            "InStore": "0",
            "InventoryIcon": "3160_Feral_Flare.dds",
            "IsRecipe": 1,
            "ItemCalloutPlayer": "0",
            "ItemCalloutSpectator": "0",
            "ItemClass": 2,
            "ItemGroup": "GoldBase",
            "ItemId": "3160",
            "ItemType": 4,
            "MaxStack": 1,
            "PercentArmorMod": "0",
            "PercentAttackSpeedMod": 0.3,
            "percentBlockMod": "0",
            "PercentCritChanceMod": "0",
            "PercentCritDamageMod": "0",
            "percentDodgeMod": "0",
            "PercentEXPBonus": "0",
            "PercentHPPoolMod": "0",
            "PercentHPRegenMod": "0",
            "PercentLifeStealMod": "0",
            "PercentMagicDamageMod": "0",
            "PercentMovementSpeedMod": "0",
            "percentMPPoolMod": "0",
            "PercentMPRegenMod": "0",
            "PercentPhysicalDamageMod": "0",
            "PercentSpellBlockMod": "0",
            "Price": "1650",
            "RecipeItem1": "0",
            "RecipeItem2": "0",
            "RecipeItem3": "0",
            "RecipeItem4": "0",
            "SpecialRecipe": 3154,
            "SpellName": "ItemFeralFlare",
            "UseEffect": 1,
            "UseWhenAcquired": "0"
        },
        "UNKNOWN_HASHES": {
            "213732736": "0",
            "2170881362": "0",
            "2260911910": "0",
            "3993544488": "0"
        }
    }
}