{
    "MetaData": {
        "ContentFormatVersion": 4,
        "Id": "1504",
        "Name": "1504",
        "ResourcePath": "DATA/Items/1504.inibin"
    },
    "Values": {
        "Builds": {
            "Item1": "0"
        },
        "Categories": {
            "Armor": 1,
            "AttackSpeed": "0",
            "Consumable": "0",
            "CooldownReduction": "0",
            "CriticalStrike": "0",
            "Damage": "0",
            "Health": "0",
            "HealthRegen": "0",
            "LifeSteal": "0",
            "Mana": "0",
            "ManaRegen": 1,
            "OnHit": 1,
            "SpellBlock": "0",
            "SpellDamage": "0"
        },
        "Data": {
            "CanBeDropped": "0",
            "CanBeSold": "0",
            "Clickable": "0",
            "Consumed": "0",
            "Description": "game_item_description_1504",
            "DisappersOnDeath": "0",
            "DisplayName": "game_item_displayname_1504",
            "DropsOnDeath": "0",
            "DynamicTooltip": "game_item_tooltip_1504",
            "Effect1Amount": "200",
            "Effect2Amount": "30",
            "Effect3Amount": "30",
            "Effect4Amount": "300",
            "Epicness": 2,
            "FlatArmorMod": "0",
            "FlatAttackSpeedMod": "0",
            "flatBlockMod": "0",
            "FlatCritChanceMod": "0",
            "FlatCritDamageMod": "0",
            "FlatDodgeMod": "0",
            "flatEXPBonus": "0",
            "FlatHPPoolMod": "0",
            "FlatHPRegenMod": "0",
            "FlatMagicDamageMod": "0",
            "FlatMovementSpeedMod": "0",
            "FlatMPPoolMod": "0",
            "FlatMPRegenMod": "0",
            "FlatPhysicalDamageMod": "0",
            "FlatSpellBlockMod": "0",
            "InStore": "0",
            "InventoryIcon": "1504_TurretShielder.dds",
            "IsRecipe": 1,
            "ItemCalloutSpectator": "0",
            "ItemClass": 2,
            "ItemType": 4,
            "MaxStack": 1,
            "PercentArmorMod": "0",
            "PercentAttackSpeedMod": "0",
            "percentBlockMod": "0",
            "PercentCritChanceMod": "0",
            "PercentCritDamageMod": "0",
            "percentDodgeMod": "0",
            "PercentEXPBonus": "0",
            "PercentHPPoolMod": "0",
            "PercentHPRegenMod": "0",
            "PercentLifeStealMod": "0",
            "PercentMagicDamageMod": "0",
            "PercentMovementSpeedMod": "0",
            "percentMPPoolMod": "0",
            "PercentMPRegenMod": "0",
            "PercentPhysicalDamageMod": "0",
            "PercentSpellBlockMod": "0",
            "Price": "0",
            "RecipeItem1": "0",
            "RecipeItem2": "0",
            "RecipeItem3": "0",
            "RecipeItem4": "0",
            "UseEffect": "0",
            "UseWhenAcquired": "0"
        }
    }
}