{
    "MetaData": {
        "ContentFormatVersion": 2,
        "Id": 10001,
        "Name": "Razer Mark of Precision",
        "ResourcePath": "DATA/Items/10001.inibin"
    },
    "Values": {
        "Data": {
            "Description": "game_item_description_10001",
            "DisplayName": "game_item_displayname_10001",
            "FlatArmorMod": "0",
            "FlatCritChanceMod": "0",
            "FlatCritDamageMod": 0.022314,
            "FlatHPPoolMod": "0",
            "FlatHPRegenMod": "0",
            "FlatMagicDamageMod": "0",
            "FlatMovementSpeedMod": "0",
            "FlatMPPoolMod": "0",
            "FlatMPRegenMod": "0",
            "FlatPhysicalDamageMod": "0",
            "FlatSpellBlockMod": "0",
            "PercentArmorMod": "0",
            "PercentAttackSpeedMod": "0",
            "PercentCritDamageMod": "0",
            "PercentEXPBonus": "0",
            "PercentHPPoolMod": "0",
            "PercentHPRegenMod": "0",
            "PercentMagicDamageMod": "0",
            "PercentMovementSpeedMod": "0",
            "PercentMPPoolMod": "0",
            "PercentMPRegenMod": "0",
            "PercentPhysicalDamageMod": "0",
            "PercentSpellBlockMod": "0",
            "platformEnabled": "TRUE",
            "rFlatArmorModPerLevel": "0",
            "rFlatArmorPenetrationMod": "0",
            "rFlatArmorPenetrationModPerLevel": "0",
            "rFlatCritChanceModPerLevel": "0",
            "rFlatCritDamageModPerLevel": "0",
            "rFlatDodgeMod": "0",
            "rFlatDodgeModPerLevel": "0",
            "rFlatGoldPer10Mod": "0",
            "rFlatHPModPerLevel": "0",
            "rFlatHPRegenModPerLevel": "0",
            "rFlatMagicDamageModPerLevel": "0",
            "rFlatMagicPenetrationMod": "0",
            "rFlatMagicPenetrationModPerLevel": "0",
            "rFlatMovementSpeedModPerLevel": "0",
            "rFlatPhysicalDamageModPerLevel": "0",
            "rFlatSpellBlockModPerLevel": "0",
            "rFlatTimeDeadMod": "0",
            "rFlatTimeDeadModPerLevel": "0",
            "rPercentArmorPenetrationMod": "0",
            "rPercentArmorPenetrationModPerLevel": "0",
            "rPercentAttackSpeedModPerLevel": "0",
            "rPercentCooldownMod": "0",
            "rPercentCooldownModPerLevel": "0",
            "rPercentMagicPenetrationMod": "0",
            "rPercentMagicPenetrationModPerLevel": "0",
            "rPercentMovementSpeedModPerLevel": "0",
            "rPercentTimeDeadMod": "0",
            "rPercentTimeDeadModPerLevel": "0"
        },
        "UNKNOWN_HASHES": {
            "1416335451": "0",
            "1761956015": "0",
            "2039572956": "0",
            "2414666880": "10001.png",
            "2481029467": "0",
            "2992679033": 3,
            "3022420538": "0",
            "3269962320": "0",
            "3391710957": "0",
            "3448275386": 3,
            "3562272462": "0",
            "3664617591": "0",
            "4121104762": "0",
            "973892934": "Red"
        }
    }
}