{
    "MetaData": {
        "ContentFormatVersion": 4,
        "Id": "10002",
        "Name": "Razer Quintessence of Speed",
        "ResourcePath": "DATA/Items/10002.inibin"
    },
    "Values": {
        "Data": {
            "Description": "game_item_description_10002",
            "DisplayName": "game_item_displayname_10002",
            "FlatArmorMod": "0",
            "FlatAttackSpeedMod": "0",
            "flatBlockMod": "0",
            "FlatCritChanceMod": "0",
            "FlatCritDamageMod": "0",
            "flatEXPBonus": "0",
            "FlatHPPoolMod": "0",
            "FlatHPRegenMod": "0",
            "FlatMagicDamageMod": "0",
            "FlatMovementSpeedMod": "0",
            "FlatMPPoolMod": "0",
            "FlatMPRegenMod": "0",
            "FlatPhysicalDamageMod": "0",
            "FlatSpellBlockMod": "0",
            "imagePath": "10002.png",
            "PercentArmorMod": "0",
            "PercentAttackSpeedMod": "0",
            "percentBlockMod": "0",
            "PercentCritChanceMod": "0",
            "PercentCritDamageMod": "0",
            "percentDodgeMod": "0",
            "PercentEXPBonus": "0",
            "PercentHPPoolMod": "0",
            "PercentHPRegenMod": "0",
            "PercentMagicDamageMod": "0",
            "PercentMovementSpeedMod": 0.015,
            "percentMPPoolMod": "0",
            "PercentMPRegenMod": "0",
            "PercentPhysicalDamageMod": "0",
            "PercentSpellBlockMod": "0",
            "PlatformEnabled": "TRUE",
            "rFlatArmorModPerLevel": "0",
            "rFlatArmorPenetrationMod": "0",
            "rFlatArmorPenetrationModPerLevel": "0",
            "rFlatCritChanceModPerLevel": "0",
            "rFlatCritDamageModPerLevel": "0",
            "rFlatDodgeMod": "0",
            "rFlatDodgeModPerLevel": "0",
            "rFlatGoldPer10Mod": "0",
            "rFlatHPModPerLevel": "0",
            "rFlatHPRegenModPerLevel": "0",
            "rFlatMagicDamageModPerLevel": "0",
            "rFlatMagicPenetrationMod": "0",
            "rFlatMagicPenetrationModPerLevel": "0",
            "rFlatMovementSpeedModPerLevel": "0",
            "rFlatMPModPerLevel": "0",
            "rFlatMPRegenModPerLevel": "0",
            "rFlatPhysicalDamageModPerLevel": "0",
            "rFlatSpellBlockModPerLevel": "0",
            "rFlatTimeDeadMod": "0",
            "rFlatTimeDeadModPerLevel": "0",
            "rPercentArmorPenetrationMod": "0",
            "rPercentArmorPenetrationModPerLevel": "0",
            "rPercentAttackSpeedModPerLevel": "0",
            "rPercentCooldownMod": "0",
            "rPercentCooldownModPerLevel": "0",
            "rPercentMagicPenetrationMod": "0",
            "rPercentMagicPenetrationModPerLevel": "0",
            "rPercentMovementSpeedModPerLevel": "0",
            "rPercentTimeDeadMod": "0",
            "rPercentTimeDeadModPerLevel": "0"
        },
        "UNKNOWN_HASHES": {
            "2992679033": 6,
            "3391710957": "0",
            "3448275386": 3,
            "3664617591": "0",
            "973892934": "Black"
        }
    }
}