{
    "MetaData": {
        "ContentFormatVersion": 2,
        "Id": 1042,
        "Name": "Dagger",
        "ResourcePath": "DATA/Items/1042.inibin"
    },
    "Values": {
        "Data": {
            "CanBeSold": 1,
            "Consumed": "0",
            "Description": "game_item_description_1042",
            "DisplayName": "game_item_displayname_1042",
            "DynamicTooltip": "game_item_tooltip_1042",
            "Epicness": "0",
            "FlatArmorMod": "0",
            "FlatCritChanceMod": "0",
            "FlatCritDamageMod": "0",
            "FlatDodgeMod": "0",
            "FlatHPPoolMod": "0",
            "FlatHPRegenMod": "0",
            "FlatMagicDamageMod": "0",
            "FlatMovementSpeedMod": "0",
            "FlatMPPoolMod": "0",
            "FlatMPRegenMod": "0",
            "FlatPhysicalDamageMod": "0",
            "FlatSpellBlockMod": "0",
            "InStore": 1,
            "InventoryIcon": "1042_Dagger.dds",
            "IsRecipe": "0",
            "MaxStack": 1,
            "PercentArmorMod": "0",
            "PercentAttackSpeedMod": 0.15,
            "PercentCritDamageMod": "0",
            "PercentEXPBonus": "0",
            "PercentHPPoolMod": "0",
            "PercentHPRegenMod": "0",
            "PercentMagicDamageMod": "0",
            "PercentMovementSpeedMod": "0",
            "PercentMPPoolMod": "0",
            "PercentMPRegenMod": "0",
            "PercentPhysicalDamageMod": "0",
            "PercentSpellBlockMod": "0",
            "Price": "450"
        },
        "UNKNOWN_HASHES": {
            "1416335451": "0",
            "1652767513": 3006,
            "1652767514": 3106,
            "1652767515": 3086,
            "1652767516": 3101,
            "1652767517": 3153,
            "1652767518": 3046,
            "1652767519": 3154,
            "1652767520": 3091,
            "1652767521": 3085,
            "1761956015": "0",
            "1861317573": "0",
            "2036632407": 3131,
            "2039572956": "0",
            "2168244529": 1,
            "2199193779": "0",
            "2236684456": "0",
            "2378441949": "0",
            "26371053": 1,
            "2703868165": 2,
            "3269962320": "0",
            "3444378282": "0",
            "3562272462": "0",
            "3723078833": "0",
            "3803087215": "0",
            "3899547640": "0",
            "401384653": 2,
            "4016718705": 1,
            "4121104762": "0",
            "4123527635": "0",
            "4138078719": "0",
            "533725361": "0",
            "539696123": "game_item_uniqueeffect_1042",
            "577028501": "0",
            "771952745": "0",
            "993917218": "0"
        }
    }
}