{
    "MetaData": {
        "ContentFormatVersion": 4,
        "Id": "1036",
        "Name": "Long Sword",
        "ResourcePath": "DATA/Items/1036.inibin"
    },
    "Values": {
        "Builds": {
            "Item1": 1053,
            "Item10": 3123,
            "Item11": 3141,
            "Item12": 3122,
            "Item2": 3044,
            "Item3": 3144,
            "Item4": 3134,
            "Item5": 3209,
            "Item6": 3035,
            "Item7": 3155,
            "Item8": 3004,
            "Item9": 3077
        },
        "Categories": {
            "Armor": "0",
            "AttackSpeed": "0",
            "Consumable": "0",
            "CriticalStrike": "0",
            "Damage": 1,
            "Health": "0",
            "HealthRegen": "0",
            "LifeSteal": "0",
            "Mana": "0",
            "ManaRegen": "0",
            "Movement": "0",
            "SpellBlock": "0",
            "SpellDamage": "0"
        },
        "Data": {
            "AvatarUniqueEffect": "game_item_uniqueeffect_1036",
            "CanBeDropped": 1,
            "CanBeSold": 1,
            "Consumed": "0",
            "Description": "game_item_description_1036",
            "DisappersOnDeath": "0",
            "DisplayName": "game_item_displayname_1036",
            "DropsOnDeath": 1,
            "DynamicTooltip": "game_item_tooltip_1036",
            "Epicness": "0",
            "FlatArmorMod": "0",
            "FlatAttackSpeedMod": "0",
            "flatBlockMod": "0",
            "FlatCritChanceMod": "0",
            "FlatCritDamageMod": "0",
            "FlatDodgeMod": "0",
            "flatEXPBonus": "0",
            "FlatHPPoolMod": "0",
            "FlatHPRegenMod": "0",
            "FlatMagicDamageMod": "0",
            "FlatMovementSpeedMod": "0",
            "FlatMPPoolMod": "0",
            "FlatMPRegenMod": "0",
            "FlatPhysicalDamageMod": "10",
            "FlatSpellBlockMod": "0",
            "InStore": 1,
            "InventoryIcon": "1036_Long_Sword.dds",
            "IsRecipe": "0",
            "ItemClass": 2,
            "ItemId": 1036,
            "ItemType": 2,
            "MaxStack": 1,
            "PercentArmorMod": "0",
            "PercentAttackSpeedMod": "0",
            "percentBlockMod": "0",
            "PercentCritChanceMod": "0",
            "PercentCritDamageMod": "0",
            "percentDodgeMod": "0",
            "PercentEXPBonus": "0",
            "PercentHPPoolMod": "0",
            "PercentHPRegenMod": "0",
            "PercentMagicDamageMod": "0",
            "PercentMovementSpeedMod": "0",
            "percentMPPoolMod": "0",
            "PercentMPRegenMod": "0",
            "PercentPhysicalDamageMod": "0",
            "PercentSpellBlockMod": "0",
            "Price": "360",
            "UseEffect": "0",
            "UseWhenAcquired": "0"
        },
        "UNKNOWN_HASHES": {
            "213732736": "0",
            "2170881362": "0",
            "2260911910": "0",
            "3993544488": "0"
        }
    }
}