{
    "MetaData": {
        "ContentFormatVersion": 4,
        "Id": "3186",
        "Name": "Kitae's Bloodrazor",
        "ResourcePath": "DATA/Items/3186.inibin"
    },
    "Values": {
        "Categories": {
            "Armor": "0",
            "AttackSpeed": 1,
            "Consumable": "0",
            "CriticalStrike": "0",
            "Damage": 1,
            "Health": "0",
            "HealthRegen": "0",
            "LifeSteal": "0",
            "Mana": "0",
            "ManaRegen": "0",
            "Movement": "0",
            "OnHit": 1,
            "SpellBlock": "0",
            "SpellDamage": "0"
        },
        "Data": {
            "AvatarUniqueEffect": "game_item_uniqueeffect_3028",
            "CanBeDropped": 1,
            "CanBeSold": 1,
            "Consumed": "0",
            "Description": "game_item_description_3186",
            "DisappersOnDeath": "0",
            "DisplayName": "game_item_displayname_3186",
            "DropsOnDeath": "0",
            "DynamicTooltip": "game_item_tooltip_3186",
            "Epicness": 2,
            "FlatArmorMod": "0",
            "FlatAttackSpeedMod": "0",
            "flatBlockMod": "0",
            "FlatCritChanceMod": "0",
            "FlatCritDamageMod": "0",
            "FlatDodgeMod": "0",
            "flatEXPBonus": "0",
            "FlatHPPoolMod": "0",
            "FlatHPRegenMod": "0",
            "FlatMagicDamageMod": "0",
            "FlatMovementSpeedMod": "0",
            "FlatMPPoolMod": "0",
            "FlatMPRegenMod": "0",
            "FlatPhysicalDamageMod": "30",
            "FlatSpellBlockMod": "0",
            "InStore": "0",
            "InventoryIcon": "3186_KitaesBloodrazor.dds",
            "IsRecipe": 1,
            "ItemClass": 2,
            "ItemId": 3186,
            "ItemType": 4,
            "MaxStack": 1,
            "PercentArmorMod": "0",
            "PercentAttackSpeedMod": 0.4,
            "percentBlockMod": "0",
            "PercentCritChanceMod": "0",
            "PercentCritDamageMod": "0",
            "percentDodgeMod": "0",
            "PercentEXPBonus": "0",
            "PercentHPPoolMod": "0",
            "PercentHPRegenMod": "0",
            "PercentLifeStealMod": "0",
            "PercentMagicDamageMod": "0",
            "PercentMovementSpeedMod": "0",
            "percentMPPoolMod": "0",
            "PercentMPRegenMod": "0",
            "PercentPhysicalDamageMod": "0",
            "PercentSpellBlockMod": "0",
            "Price": "700",
            "RecipeItem1": 1037,
            "RecipeItem2": 1043,
            "RecipeItem3": "0",
            "RecipeItem4": "0",
            "SpellName": "",
            "UseEffect": "0",
            "UseWhenAcquired": "0"
        },
        "UNKNOWN_HASHES": {
            "213732736": "0",
            "2170881362": "0",
            "2260911910": "0",
            "3993544488": "0"
        }
    }
}