{
    "MetaData": {
        "ContentFormatVersion": 4,
        "Id": "3096",
        "Name": "Nomad's Medallion",
        "ResourcePath": "DATA/Items/3096.inibin"
    },
    "Values": {
        "Categories": {
            "Active": 1,
            "Armor": "0",
            "AttackSpeed": "0",
            "Consumable": "0",
            "CooldownReduction": "0",
            "CriticalStrike": "0",
            "Damage": "0",
            "GoldPer": 1,
            "Health": "0",
            "HealthRegen": 1,
            "LifeSteal": "0",
            "Mana": "0",
            "ManaRegen": 1,
            "Movement": 1,
            "SpellBlock": "0",
            "SpellDamage": "0",
            "Vision": "0"
        },
        "Data": {
            "AvatarUniqueEffect": "game_item_uniqueeffect_3096",
            "CanBeDropped": 1,
            "CanBeSold": 1,
            "Clickable": "0",
            "Consumed": "0",
            "Description": "game_item_description_3096",
            "DisappersOnDeath": "0",
            "DisplayName": "game_item_displayname_3096",
            "DropsOnDeath": "0",
            "DynamicTooltip": "game_item_tooltip_3096",
            "EffectRadius": "1100",
            "Epicness": 1,
            "FlatArmorMod": "0",
            "FlatAttackSpeedMod": "0",
            "flatBlockMod": "0",
            "FlatCritChanceMod": "0",
            "FlatCritDamageMod": "0",
            "FlatDodgeMod": "0",
            "flatEXPBonus": "0",
            "FlatHPPoolMod": "0",
            "FlatHPRegenMod": 1,
            "FlatMagicDamageMod": "0",
            "FlatMovementSpeedMod": "0",
            "FlatMPPoolMod": "0",
            "FlatMPRegenMod": 1.4,
            "FlatPhysicalDamageMod": "0",
            "FlatSpellBlockMod": "0",
            "InStore": 1,
            "InventoryIcon": "3062_Soul_Pendant.dds",
            "IsRecipe": 1,
            "ItemCalloutPlayer": "0",
            "ItemCalloutSpectator": "0",
            "ItemClass": 2,
            "ItemGroup": "GoldBase",
            "ItemId": 3096,
            "ItemType": 4,
            "MaxStack": 1,
            "PercentArmorMod": "0",
            "PercentAttackSpeedMod": "0",
            "percentBlockMod": "0",
            "PercentCritChanceMod": "0",
            "PercentCritDamageMod": "0",
            "percentDodgeMod": "0",
            "PercentEXPBonus": "0",
            "PercentHPPoolMod": "0",
            "PercentHPRegenMod": "0",
            "PercentMagicDamageMod": "0",
            "PercentMovementSpeedMod": "0",
            "percentMPPoolMod": "0",
            "PercentMPRegenMod": "0",
            "PercentPhysicalDamageMod": "0",
            "PercentSpellBlockMod": "0",
            "Price": "500",
            "RecipeItem1": 3301,
            "RecipeItem2": "0",
            "RecipeItem3": "0",
            "RecipeItem4": "0",
            "rPercentCooldownMod": "-0.00",
            "SellBackModifier": 0.4,
            "SpellName": "AtmasImpalerDummySpell",
            "UseEffect": "0",
            "UseWhenAcquired": "0"
        },
        "UNKNOWN_HASHES": {
            "213732736": "0",
            "2170881362": "0",
            "2260911910": "0",
            "3993544488": "0"
        }
    }
}