{
    "MetaData": {
        "ContentFormatVersion": 4,
        "Id": "4010",
        "Name": "4010",
        "ResourcePath": "DATA/Items/4010.inibin"
    },
    "Values": {
        "Categories": {
            "Armor": "0",
            "AttackSpeed": "0",
            "Consumable": "0",
            "CriticalStrike": "0",
            "Damage": "0",
            "Health": "0",
            "HealthRegen": "0",
            "LifeSteal": "0",
            "Mana": 1,
            "ManaRegen": "0",
            "Movement": "0",
            "SpellBlock": "0",
            "SpellDamage": 1
        },
        "Data": {
            "AvatarUniqueEffect": "game_item_uniqueeffect_4010",
            "CanBeDropped": 1,
            "CanBeSold": 1,
            "Clickable": 1,
            "Consumed": "0",
            "Description": "game_item_description_4010",
            "DisappersOnDeath": "0",
            "DisplayName": "game_item_displayname_4010",
            "DropsOnDeath": "0",
            "FlatArmorMod": "0",
            "FlatAttackSpeedMod": "0",
            "flatBlockMod": "0",
            "FlatCritChanceMod": "0",
            "FlatCritDamageMod": "0",
            "FlatDodgeMod": "0",
            "flatEXPBonus": "0",
            "FlatHPPoolMod": "0",
            "FlatHPRegenMod": "0",
            "FlatMagicDamageMod": "0",
            "FlatMovementSpeedMod": "0",
            "FlatMPPoolMod": "0",
            "FlatMPRegenMod": "0",
            "FlatPhysicalDamageMod": "0",
            "FlatSpellBlockMod": 4,
            "InStore": "0",
            "InventoryIcon": "3032_Innervating_Locket.dds",
            "IsRecipe": 1,
            "ItemClass": 2,
            "ItemId": 3032,
            "ItemType": 4,
            "MaxStack": 1,
            "PercentArmorMod": "0",
            "PercentAttackSpeedMod": "0",
            "percentBlockMod": "0",
            "PercentCritChanceMod": "0",
            "PercentCritDamageMod": "0",
            "percentDodgeMod": "0",
            "PercentEXPBonus": "0",
            "PercentHPPoolMod": "0",
            "PercentHPRegenMod": "0",
            "PercentMagicDamageMod": "0",
            "PercentMovementSpeedMod": "0",
            "percentMPPoolMod": "0",
            "PercentMPRegenMod": "0",
            "PercentPhysicalDamageMod": "0",
            "PercentSpellBlockMod": "0",
            "Price": "750",
            "RecipeItem1": 1015,
            "RecipeItem2": 1026,
            "RecipeItem3": 1027,
            "RecipeItem4": "0",
            "SpellName": "Refresh",
            "UseEffect": "0",
            "UseWhenAcquired": "0"
        },
        "UNKNOWN_HASHES": {
            "1546321377": 1,
            "213732736": "0",
            "2170881362": "0",
            "2260911910": "0",
            "2568207556": "0",
            "3448275386": 1,
            "3518384458": 1,
            "3993544488": "0",
            "973892934": "Trinkets"
        }
    }
}