{
    "MetaData": {
        "ContentFormatVersion": 4,
        "Id": "3144",
        "Name": "Bilgewater Cutlass",
        "ResourcePath": "DATA/Items/3144.inibin"
    },
    "Values": {
        "Builds": {
            "Item1": 3146,
            "Item2": 3153
        },
        "Categories": {
            "Active": 1,
            "Armor": "0",
            "AttackSpeed": "0",
            "Consumable": "0",
            "CooldownReduction": "0",
            "CriticalStrike": "0",
            "Damage": 1,
            "Health": "0",
            "HealthRegen": "0",
            "LifeSteal": 1,
            "Mana": "0",
            "ManaRegen": "0",
            "Movement": "0",
            "Slow": 1,
            "SpellBlock": "0",
            "SpellDamage": "0"
        },
        "Data": {
            "CanBeDropped": 1,
            "CanBeSold": 1,
            "Clickable": 1,
            "Consumed": "0",
            "Description": "game_item_description_3144",
            "DisappersOnDeath": "0",
            "DisplayName": "game_item_displayname_3144",
            "DropsOnDeath": "0",
            "DynamicTooltip": "game_item_tooltip_3144",
            "Epicness": 1,
            "FlatArmorMod": "0",
            "FlatAttackSpeedMod": "0",
            "flatBlockMod": "0",
            "FlatCritChanceMod": "0",
            "FlatCritDamageMod": "0",
            "FlatDodgeMod": "0",
            "flatEXPBonus": "0",
            "FlatHPPoolMod": "0",
            "FlatHPRegenMod": "0",
            "FlatMagicDamageMod": "0",
            "FlatMovementSpeedMod": "0",
            "FlatMPPoolMod": "0",
            "FlatMPRegenMod": "0",
            "FlatPhysicalDamageMod": 25,
            "FlatSpellBlockMod": "0",
            "InStore": 1,
            "InventoryIcon": "3144_Bilgewater_Cutlass.dds",
            "IsRecipe": 1,
            "ItemClass": 2,
            "ItemId": 3144,
            "ItemType": 4,
            "MaxStack": 1,
            "PercentArmorMod": "0",
            "PercentAttackSpeedMod": "0",
            "percentBlockMod": "0",
            "PercentCritChanceMod": "0",
            "PercentCritDamageMod": "0",
            "percentDodgeMod": "0",
            "PercentEXPBonus": "0",
            "PercentHPPoolMod": "0",
            "PercentHPRegenMod": "0",
            "PercentLifeStealMod": 0.12,
            "PercentMagicDamageMod": "0",
            "PercentMovementSpeedMod": "0",
            "percentMPPoolMod": "0",
            "PercentMPRegenMod": "0",
            "PercentPhysicalDamageMod": "0",
            "PercentSpellBlockMod": "0",
            "Price": "240",
            "RecipeItem1": 1036,
            "RecipeItem2": 1053,
            "RecipeItem3": "0",
            "RecipeItem4": "0",
            "SpellName": "BilgewaterCutlass",
            "UseEffect": 1,
            "UseWhenAcquired": "0"
        },
        "UNKNOWN_HASHES": {
            "213732736": "0",
            "2170881362": "0",
            "2260911910": "0",
            "3993544488": "0"
        }
    }
}