{
    "MetaData": {
        "ContentFormatVersion": 4,
        "Id": "3508",
        "Name": "3508",
        "ResourcePath": "DATA/Items/3508.inibin"
    },
    "Values": {
        "Categories": {
            "Armor": "0",
            "AttackSpeed": "0",
            "Consumable": "0",
            "CooldownReduction": 1,
            "CriticalStrike": "0",
            "Damage": 1,
            "Health": "0",
            "HealthRegen": "0",
            "LifeSteal": 1,
            "Mana": "0",
            "ManaRegen": 1,
            "SpellBlock": "0",
            "SpellDamage": "0"
        },
        "Data": {
            "CanBeDropped": 1,
            "CanBeSold": 1,
            "Consumed": "0",
            "Description": "game_item_description_3508",
            "DisappersOnDeath": "0",
            "DisplayName": "game_item_displayname_3508",
            "DropsOnDeath": "0",
            "DynamicTooltip": "game_item_tooltip_3508",
            "Effect1Amount": -0.1,
            "Effect2Amount": 0.02,
            "Effect3Amount": 0.08,
            "Epicness": 2,
            "FlatArmorMod": "0",
            "FlatAttackSpeedMod": "0",
            "flatBlockMod": "0",
            "FlatCritChanceMod": "0",
            "FlatCritDamageMod": "0",
            "FlatDodgeMod": "0",
            "flatEXPBonus": "0",
            "FlatHPPoolMod": "0",
            "FlatHPRegenMod": "0",
            "FlatMagicDamageMod": "0",
            "FlatMovementSpeedMod": "0",
            "FlatMPPoolMod": "0",
            "FlatMPRegenMod": "0",
            "FlatPhysicalDamageMod": "80",
            "FlatSpellBlockMod": "0",
            "InStore": 1,
            "InventoryIcon": "3508_EssenceReaver.dds",
            "IsRecipe": 1,
            "ItemCalloutSpectator": 1,
            "ItemClass": 2,
            "ItemType": 4,
            "MaxStack": 1,
            "PercentArmorMod": "0",
            "PercentAttackSpeedMod": "0",
            "percentBlockMod": "0",
            "PercentCooldownMod": -0.1,
            "PercentCritChanceMod": "0",
            "PercentCritDamageMod": "0",
            "percentDodgeMod": "0",
            "PercentEXPBonus": "0",
            "PercentHPPoolMod": "0",
            "PercentHPRegenMod": "0",
            "PercentLifeStealMod": 0.1,
            "PercentMagicDamageMod": "0",
            "PercentMovementSpeedMod": "0",
            "percentMPPoolMod": "0",
            "PercentMPRegenMod": "0",
            "PercentPhysicalDamageMod": "0",
            "PercentSpellBlockMod": "0",
            "Price": "850",
            "RecipeItem1": 1053,
            "RecipeItem2": 1038,
            "RecipeItem3": "0",
            "RecipeItem4": "0",
            "SpellName": "BloodthirsterDummySpell",
            "UseEffect": "0",
            "UseWhenAcquired": "0"
        }
    }
}