{
    "MetaData": {
        "ContentFormatVersion": 4,
        "Id": "3460",
        "Name": "3460",
        "ResourcePath": "DATA/Items/3460.inibin"
    },
    "Values": {
        "Categories": {
            "Active": 1,
            "Armor": "0",
            "ArmorPenetration": "0",
            "AttackSpeed": "0",
            "Consumable": "0",
            "CooldownReduction": "0",
            "CriticalStrike": "0",
            "Damage": "0",
            "Health": "0",
            "HealthRegen": "0",
            "LifeSteal": "0",
            "Mana": "0",
            "ManaRegen": "0",
            "SpellBlock": "0",
            "SpellDamage": "0",
            "Trinket": 1,
            "Vision": "0"
        },
        "Data": {
            "CanBeDropped": "0",
            "CanBeSold": "0",
            "Clickable": 1,
            "Consumed": "0",
            "CooldownShowDisabledDuration": "1.0",
            "Description": "game_item_description_3460",
            "DisplayName": "game_item_displayname_3460",
            "DynamicTooltip": "game_item_tooltip_3460",
            "Epicness": 2,
            "FlatArmorMod": "0",
            "FlatAttackSpeedMod": "0",
            "flatBlockMod": "0",
            "FlatCritChanceMod": "0",
            "FlatCritDamageMod": "0",
            "FlatDodgeMod": "0",
            "flatEXPBonus": "0",
            "FlatHPPoolMod": "0",
            "FlatHPRegenMod": "0",
            "FlatMagicDamageMod": "0",
            "FlatMovementSpeedMod": "0",
            "FlatMPPoolMod": "0",
            "FlatMPRegenMod": "0",
            "FlatPhysicalDamageMod": "0",
            "FlatSpellBlockMod": "0",
            "ForceLoad": 1,
            "InStore": "0",
            "InventoryIcon": "3460_Asc_Trinket.dds",
            "IsRecipe": "0",
            "ItemCalloutSpectator": "0",
            "ItemClass": 1,
            "ItemGroup": "RelicBase",
            "ItemType": 1,
            "MaxStack": 1,
            "PercentArmorMod": "0",
            "PercentAttackSpeedMod": "0",
            "percentBlockMod": "0",
            "PercentCritChanceMod": "0",
            "PercentCritDamageMod": "0",
            "percentDodgeMod": "0",
            "PercentEXPBonus": "0",
            "PercentHPPoolMod": "0",
            "PercentHPRegenMod": "0",
            "PercentLifeStealMod": "0",
            "PercentMagicDamageMod": "0",
            "PercentMovementSpeedMod": "0",
            "percentMPPoolMod": "0",
            "PercentMPRegenMod": "0",
            "PercentPhysicalDamageMod": "0",
            "PercentSpellBlockMod": "0",
            "Price": "0",
            "RecipeItem1": "0",
            "RecipeItem2": "0",
            "RecipeItem3": "0",
            "RecipeItem4": "0",
            "SpellName": "AscWarp",
            "UseEffect": 1,
            "UseWhenAcquired": "0"
        }
    }
}