{
    "MetaData": {
        "ContentFormatVersion": 4,
        "Id": "3185",
        "Name": "The Lightbringer",
        "ResourcePath": "DATA/Items/3185.inibin"
    },
    "Values": {
        "Categories": {
            "Active": 1,
            "Armor": 1,
            "AttackSpeed": "0",
            "Consumable": "0",
            "CriticalStrike": "0",
            "Damage": 1,
            "Health": 1,
            "HealthRegen": "0",
            "LifeSteal": 1,
            "Mana": "0",
            "ManaRegen": "0",
            "Movement": "0",
            "OnHit": 1,
            "SpellBlock": "0",
            "SpellDamage": "0",
            "Stealth": 1,
            "Vision": 1
        },
        "Data": {
            "AvatarUniqueEffect": "game_item_uniqueeffect_3185",
            "CanBeDropped": 1,
            "CanBeSold": 1,
            "Clickable": 1,
            "Consumed": "0",
            "Description": "game_item_description_3185",
            "DisappersOnDeath": "0",
            "DisplayName": "game_item_displayname_3185",
            "DropsOnDeath": "0",
            "DynamicTooltip": "game_item_tooltip_3185",
            "Epicness": 1,
            "FlatArmorMod": 25,
            "FlatAttackSpeedMod": "0",
            "flatBlockMod": "0",
            "FlatCritChanceMod": "0",
            "FlatCritDamageMod": "0",
            "FlatDodgeMod": "0",
            "flatEXPBonus": "0",
            "FlatHPPoolMod": "200",
            "FlatHPRegenMod": "0",
            "FlatMagicDamageMod": "0",
            "FlatMovementSpeedMod": "0",
            "FlatMPPoolMod": "0",
            "FlatMPRegenMod": "0",
            "FlatPhysicalDamageMod": "20",
            "FlatSpellBlockMod": "0",
            "InStore": 1,
            "InventoryIcon": "3185_Lightbringer.dds",
            "IsRecipe": 1,
            "ItemCalloutSpectator": 1,
            "ItemClass": 2,
            "ItemId": 3185,
            "ItemType": 4,
            "MaxStack": 1,
            "PercentArmorMod": "0",
            "PercentAttackSpeedMod": "0",
            "percentBlockMod": "0",
            "PercentCritChanceMod": "0",
            "PercentCritDamageMod": "0",
            "percentDodgeMod": "0",
            "PercentEXPBonus": "0",
            "PercentHPPoolMod": "0",
            "PercentHPRegenMod": "0",
            "PercentLifeStealMod": "0.15",
            "PercentMagicDamageMod": "0",
            "PercentMovementSpeedMod": "0",
            "percentMPPoolMod": "0",
            "PercentMPRegenMod": "0",
            "PercentPhysicalDamageMod": "0",
            "PercentSpellBlockMod": "0",
            "Price": "450",
            "RecipeItem1": 3159,
            "RecipeItem2": 1028,
            "RecipeItem3": "0",
            "RecipeItem4": "0",
            "SpellName": "HextechSweeper",
            "UseEffect": 1,
            "UseWhenAcquired": "0"
        },
        "UNKNOWN_HASHES": {
            "213732736": "0",
            "2170881362": "0",
            "2260911910": "0",
            "3993544488": "0"
        }
    }
}