{
    "MetaData": {
        "ContentFormatVersion": 4,
        "Id": "3139",
        "Name": "Mercurial Scimitar",
        "ResourcePath": "DATA/Items/3139.inibin"
    },
    "Values": {
        "Categories": {
            "Active": 1,
            "Armor": "0",
            "AttackSpeed": "0",
            "Consumable": "0",
            "CriticalStrike": "0",
            "Damage": 1,
            "Health": "0",
            "HealthRegen": "0",
            "LifeSteal": "0",
            "Mana": "0",
            "ManaRegen": "0",
            "Movement": 1,
            "NonbootsMovement": 1,
            "SpellBlock": 1,
            "SpellDamage": "0"
        },
        "Data": {
            "AvatarUniqueEffect": "game_item_uniqueeffect_3001",
            "CanBeDropped": 1,
            "CanBeSold": 1,
            "Clickable": 1,
            "Consumed": "0",
            "Description": "game_item_description_3139",
            "DisappersOnDeath": "0",
            "DisplayName": "game_item_displayname_3139",
            "DropsOnDeath": "0",
            "DynamicTooltip": "game_item_tooltip_3139",
            "Epicness": 1,
            "FlatArmorMod": "0",
            "FlatAttackSpeedMod": "0",
            "flatBlockMod": "0",
            "FlatCritChanceMod": "0",
            "FlatCritDamageMod": "0",
            "FlatDodgeMod": "0",
            "flatEXPBonus": "0",
            "FlatHPPoolMod": "0",
            "FlatHPRegenMod": "0",
            "FlatMagicDamageMod": "0",
            "FlatMovementSpeedMod": "0",
            "FlatMPPoolMod": "0",
            "FlatMPRegenMod": "0",
            "FlatPhysicalDamageMod": "60",
            "FlatSpellBlockMod": 45,
            "InStore": 1,
            "InventoryIcon": "3139_Mercurial_Scimitar.dds",
            "IsRecipe": 1,
            "ItemCalloutSpectator": 1,
            "ItemClass": 2,
            "ItemId": 3139,
            "ItemType": 4,
            "MaxStack": 1,
            "PercentArmorMod": "0",
            "PercentAttackSpeedMod": "0",
            "percentBlockMod": "0",
            "PercentCritChanceMod": "0",
            "PercentCritDamageMod": "0",
            "percentDodgeMod": "0",
            "PercentEXPBonus": "0",
            "PercentHPPoolMod": "0",
            "PercentHPRegenMod": "0",
            "PercentMagicDamageMod": "0",
            "PercentMovementSpeedMod": "0",
            "percentMPPoolMod": "0",
            "PercentMPRegenMod": "0",
            "PercentPhysicalDamageMod": "0",
            "PercentSpellBlockMod": "0",
            "Price": "600",
            "RecipeItem1": "3140",
            "RecipeItem2": 1038,
            "RecipeItem3": "0",
            "RecipeItem4": "0",
            "SpellName": "ItemMercurial",
            "UseEffect": 1,
            "UseWhenAcquired": "0"
        },
        "UNKNOWN_HASHES": {
            "213732736": "0",
            "2170881362": "0",
            "2260911910": "0",
            "3993544488": "0"
        }
    }
}