{
    "MetaData": {
        "ContentFormatVersion": 4,
        "Id": "3800",
        "Name": "3800",
        "ResourcePath": "DATA/Items/3800.inibin"
    },
    "Values": {
        "Categories": {
            "Active": 1,
            "Armor": "0",
            "AttackSpeed": "0",
            "Boots": "0",
            "Consumable": "0",
            "CriticalStrike": "0",
            "Damage": "0",
            "Health": 1,
            "HealthRegen": 1,
            "LifeSteal": "0",
            "Mana": 1,
            "ManaRegen": "0",
            "NonbootsMovement": "0",
            "Slow": 1,
            "SpellBlock": "0",
            "SpellDamage": "0"
        },
        "Data": {
            "AvatarUniqueEffect": "game_item_tooltip_3800",
            "CanBeDropped": "0",
            "CanBeSold": 1,
            "Clickable": 1,
            "Consumed": "0",
            "Description": "game_item_description_3800",
            "DisappersOnDeath": "0",
            "DisplayName": "game_item_displayname_3800",
            "DropsOnDeath": "0",
            "DynamicTooltip": "game_item_tooltip_3800",
            "Effect1Amount": 0.6,
            "Effect2Amount": 3,
            "Effect3Amount": -0.8,
            "Effect4Amount": 1,
            "Effect5Amount": "60",
            "Effect6Amount": "0",
            "Effect7Amount": "0",
            "Effect8Amount": "0",
            "Epicness": "0",
            "FlatArmorMod": "0",
            "FlatAttackSpeedMod": "0",
            "flatBlockMod": "0",
            "FlatCritChanceMod": "0",
            "FlatCritDamageMod": "0",
            "FlatDodgeMod": "0",
            "flatEXPBonus": "0",
            "FlatHPPoolMod": "500",
            "FlatHPRegenMod": "0",
            "FlatMagicDamageMod": "0",
            "FlatMovementSpeedMod": "0",
            "FlatMPPoolMod": "300",
            "FlatMPRegenMod": "0",
            "FlatPhysicalDamageMod": "0",
            "FlatSpellBlockMod": "0",
            "InStore": 1,
            "InventoryIcon": "3800_Righteous_Glory.dds",
            "IsRecipe": 1,
            "ItemClass": "0",
            "ItemType": "0",
            "MaxStack": 1,
            "PercentArmorMod": "0",
            "PercentAttackSpeedMod": "0",
            "PercentBaseHPRegenMod": 1,
            "percentBlockMod": "0",
            "PercentCritChanceMod": "0",
            "PercentCritDamageMod": "0",
            "percentDodgeMod": "0",
            "PercentEXPBonus": "0",
            "PercentHPPoolMod": "0",
            "PercentHPRegenMod": "0",
            "PercentMagicDamageMod": "0",
            "PercentMovementSpeedMod": "0",
            "percentMPPoolMod": "0",
            "PercentMPRegenMod": "0",
            "PercentPhysicalDamageMod": "0",
            "PercentSpellBlockMod": "0",
            "Price": "700",
            "RecipeItem1": "3010",
            "RecipeItem2": 3801,
            "SellBackModifier": 0.7,
            "ShowInActiveItemDisplay": 1,
            "SpellName": "ItemRighteousGlory",
            "UseEffect": 1,
            "UseWhenAcquired": "0"
        }
    }
}