{
    "MetaData": {
        "ContentFormatVersion": 4,
        "Id": "3126",
        "Name": "Madred's Bloodrazor",
        "ResourcePath": "DATA/Items/3126.inibin"
    },
    "Values": {
        "Categories": {
            "Armor": "0",
            "AttackSpeed": 1,
            "Consumable": "0",
            "CriticalStrike": "0",
            "Damage": 1,
            "Health": "0",
            "HealthRegen": "0",
            "LifeSteal": "0",
            "Mana": "0",
            "ManaRegen": "0",
            "Movement": "0",
            "SpellBlock": "0",
            "SpellDamage": "0"
        },
        "Data": {
            "AvatarUniqueEffect": "game_item_uniqueeffect_3028",
            "CanBeDropped": 1,
            "CanBeSold": "0",
            "Consumed": "0",
            "Description": "game_item_description_3126",
            "DisappersOnDeath": "0",
            "DisplayName": "game_item_displayname_3126",
            "DropsOnDeath": "0",
            "DynamicTooltip": "game_item_tooltip_3126",
            "Epicness": 2,
            "FlatArmorMod": 25,
            "FlatAttackSpeedMod": "0",
            "flatBlockMod": "0",
            "FlatCritChanceMod": "0",
            "FlatCritDamageMod": "0",
            "FlatDodgeMod": "0",
            "flatEXPBonus": "0",
            "FlatHPPoolMod": "0",
            "FlatHPRegenMod": "0",
            "FlatMagicDamageMod": "0",
            "FlatMovementSpeedMod": "0",
            "FlatMPPoolMod": "0",
            "FlatMPRegenMod": "0",
            "FlatPhysicalDamageMod": "40",
            "FlatSpellBlockMod": "0",
            "InStore": "0",
            "InventoryIcon": "3126_Madreds_Bloodrazor.dds",
            "IsRecipe": 1,
            "ItemCalloutSpectator": 1,
            "ItemClass": 2,
            "ItemId": 3126,
            "ItemType": 4,
            "MaxStack": 1,
            "PercentArmorMod": "0",
            "PercentAttackSpeedMod": 0.3,
            "percentBlockMod": "0",
            "PercentCritChanceMod": "0",
            "PercentCritDamageMod": "0",
            "percentDodgeMod": "0",
            "PercentEXPBonus": "0",
            "PercentHPPoolMod": "0",
            "PercentHPRegenMod": "0",
            "PercentLifeStealMod": "0",
            "PercentMagicDamageMod": "0",
            "PercentMovementSpeedMod": "0",
            "percentMPPoolMod": "0",
            "PercentMPRegenMod": "0",
            "PercentPhysicalDamageMod": "0",
            "PercentSpellBlockMod": "0",
            "Price": 775,
            "RecipeItem1": 3106,
            "RecipeItem2": 1037,
            "RecipeItem3": 1043,
            "RecipeItem4": "0",
            "SpellName": "",
            "UseEffect": "0",
            "UseWhenAcquired": "0"
        },
        "UNKNOWN_HASHES": {
            "213732736": "0",
            "2170881362": "0",
            "2260911910": "0",
            "3993544488": "0"
        }
    }
}