{
    "MetaData": {
        "ContentFormatVersion": 4,
        "Id": "3071",
        "Name": "The Black Cleaver",
        "ResourcePath": "DATA/Items/3071.inibin"
    },
    "Values": {
        "Categories": {
            "Armor": "0",
            "ArmorPenetration": 1,
            "AttackSpeed": "0",
            "Consumable": "0",
            "CooldownReduction": 1,
            "CriticalStrike": "0",
            "Damage": 1,
            "Health": 1,
            "HealthRegen": "0",
            "LifeSteal": "0",
            "Mana": "0",
            "ManaRegen": "0",
            "Movement": "0",
            "OnHit": 1,
            "SpellBlock": "0",
            "SpellDamage": "0"
        },
        "Data": {
            "AvatarUniqueEffect": "game_item_uniqueeffect_3071",
            "CanBeDropped": "0",
            "CanBeSold": 1,
            "Consumed": "0",
            "Description": "game_item_description_3071",
            "DisappersOnDeath": "0",
            "DisplayName": "game_item_displayname_3071",
            "DropsOnDeath": "0",
            "DynamicTooltip": "game_item_tooltip_3071",
            "Epicness": 2,
            "FlatArmorMod": "0",
            "FlatAttackSpeedMod": "0",
            "flatBlockMod": "0",
            "FlatCritChanceMod": "0",
            "FlatCritDamageMod": "0",
            "FlatDodgeMod": "0",
            "flatEXPBonus": "0",
            "FlatHPPoolMod": "200",
            "FlatHPRegenMod": "0",
            "FlatMagicDamageMod": "0",
            "FlatMovementSpeedMod": "0",
            "FlatMPPoolMod": "0",
            "FlatMPRegenMod": "0",
            "FlatPhysicalDamageMod": "50",
            "FlatSpellBlockMod": "0",
            "InStore": 1,
            "InventoryIcon": "3071_The_Black_Cleaver.dds",
            "IsRecipe": 1,
            "ItemCalloutSpectator": 1,
            "ItemClass": 2,
            "ItemId": 3071,
            "ItemType": 4,
            "MaxStack": 1,
            "PercentArmorMod": "0",
            "PercentAttackSpeedMod": "0",
            "percentBlockMod": "0",
            "PercentCritChanceMod": "0",
            "PercentCritDamageMod": "0",
            "percentDodgeMod": "0",
            "PercentEXPBonus": "0",
            "PercentHPPoolMod": "0",
            "PercentHPRegenMod": "0",
            "PercentMagicDamageMod": "0",
            "PercentMovementSpeedMod": "0",
            "percentMPPoolMod": "0",
            "PercentMPRegenMod": "0",
            "PercentPhysicalDamageMod": "0",
            "PercentSpellBlockMod": "0",
            "Price": 1263,
            "RecipeItem1": 3134,
            "RecipeItem2": 1028,
            "RecipeItem3": "0",
            "RecipeItem4": "0",
            "UseEffect": "0",
            "UseWhenAcquired": "0"
        },
        "UNKNOWN_HASHES": {
            "213732736": "0",
            "2170881362": "0",
            "2260911910": "0",
            "3993544488": "0"
        }
    }
}