{
    "MetaData": {
        "ContentFormatVersion": 2,
        "Id": 1057,
        "Name": "Negatron Cloak",
        "ResourcePath": "DATA/Items/1057.inibin"
    },
    "Values": {
        "Data": {
            "CanBeSold": "0",
            "Consumed": "0",
            "Description": "game_item_description_1057",
            "DisplayName": "game_item_displayname_1057",
            "DynamicTooltip": "game_item_tooltip_1057",
            "FlatArmorMod": "0",
            "FlatCritChanceMod": "0",
            "FlatCritDamageMod": "0",
            "FlatDodgeMod": "0",
            "FlatHPPoolMod": "0",
            "FlatHPRegenMod": "0",
            "FlatMagicDamageMod": "0",
            "FlatMovementSpeedMod": "0",
            "FlatMPPoolMod": "0",
            "FlatMPRegenMod": "0",
            "FlatPhysicalDamageMod": "0",
            "FlatSpellBlockMod": 35,
            "InStore": "0",
            "InventoryIcon": "161_Elementium_Woven_Mantle.dds",
            "IsRecipe": 1,
            "MaxStack": 1,
            "PercentArmorMod": "0",
            "PercentAttackSpeedMod": "0",
            "PercentBaseHPRegenMod": 0.5,
            "PercentCritDamageMod": "0",
            "PercentEXPBonus": "0",
            "PercentHPPoolMod": "0",
            "PercentHPRegenMod": "0",
            "PercentMagicDamageMod": "0",
            "PercentMovementSpeedMod": "0",
            "PercentMPPoolMod": "0",
            "PercentMPRegenMod": "0",
            "PercentPhysicalDamageMod": "0",
            "PercentSpellBlockMod": "0",
            "Price": "120",
            "RecipeItem1": 1033,
            "RecipeItem2": 1006
        },
        "UNKNOWN_HASHES": {
            "1416335451": "0",
            "1761956015": "0",
            "1861317573": "0",
            "2039572956": "0",
            "2168244529": "0",
            "2199193779": 1,
            "2236684456": "0",
            "2378441949": "0",
            "26371053": "0",
            "2703868165": 2,
            "3269962320": "0",
            "3444378282": "0",
            "3562272462": "0",
            "3723078833": "0",
            "3803087215": "0",
            "3899547640": "0",
            "401384653": 2,
            "4016718705": 1,
            "4121104762": "0",
            "4123527635": 1,
            "4138078719": "0",
            "533725361": "0",
            "539696123": "game_item_uniqueeffect_1033",
            "577028501": "0",
            "771952745": "0",
            "993917218": "0"
        }
    }
}