{
    "MetaData": {
        "ContentFormatVersion": 4,
        "Id": "3100",
        "Name": "Lich Bane",
        "ResourcePath": "DATA/Items/3100.inibin"
    },
    "Values": {
        "Categories": {
            "Armor": "0",
            "AttackSpeed": "0",
            "Boots": "0",
            "Consumable": "0",
            "CriticalStrike": "0",
            "Damage": "0",
            "Health": "0",
            "HealthRegen": "0",
            "LifeSteal": "0",
            "Mana": 1,
            "ManaRegen": "0",
            "Movement": 1,
            "NonbootsMovement": 1,
            "SpellBlock": "0",
            "SpellDamage": 1
        },
        "Data": {
            "AvatarUniqueEffect": "game_item_uniqueeffect_3057",
            "CanBeDropped": 1,
            "CanBeSold": 1,
            "Clickable": "0",
            "Consumed": "0",
            "Description": "game_item_description_3100",
            "DisappersOnDeath": "0",
            "DisplayName": "game_item_displayname_3100",
            "DropsOnDeath": "0",
            "DynamicTooltip": "game_item_tooltip_3100",
            "Epicness": 2,
            "FlatArmorMod": "0",
            "FlatAttackSpeedMod": "0",
            "flatBlockMod": "0",
            "FlatCritChanceMod": "0",
            "FlatCritDamageMod": "0",
            "FlatDodgeMod": "0",
            "flatEXPBonus": "0",
            "FlatHPPoolMod": "0",
            "FlatHPRegenMod": "0",
            "FlatMagicDamageMod": "80",
            "FlatMovementSpeedMod": "0",
            "FlatMPPoolMod": "250",
            "FlatMPRegenMod": "0",
            "FlatPhysicalDamageMod": "0",
            "FlatSpellBlockMod": "0",
            "InStore": 1,
            "InventoryIcon": "126_Zeal_and_Sheen.dds",
            "IsRecipe": 1,
            "ItemCalloutSpectator": 1,
            "ItemClass": 2,
            "ItemId": "3100",
            "ItemType": 4,
            "MaxStack": 1,
            "PercentArmorMod": "0",
            "PercentAttackSpeedMod": "0",
            "percentBlockMod": "0",
            "PercentCritChanceMod": "0",
            "PercentCritDamageMod": "0",
            "percentDodgeMod": "0",
            "PercentEXPBonus": "0",
            "PercentHPPoolMod": "0",
            "PercentHPRegenMod": "0",
            "PercentMagicDamageMod": "0",
            "PercentMovementSpeedMod": 0.05,
            "percentMPPoolMod": "0",
            "PercentMPRegenMod": "0",
            "PercentPhysicalDamageMod": "0",
            "PercentSpellBlockMod": "0",
            "Price": "850",
            "RecipeItem1": 3057,
            "RecipeItem2": 3113,
            "RecipeItem3": "0",
            "RecipeItem4": "0",
            "SpellName": "AtmasImpalerDummySpell",
            "UseEffect": "0",
            "UseWhenAcquired": "0"
        },
        "UNKNOWN_HASHES": {
            "213732736": "0",
            "2170881362": "0",
            "2260911910": "0",
            "3993544488": "0"
        }
    }
}