{
    "MetaData": {
        "ContentFormatVersion": 4,
        "Id": "3718",
        "Name": "3718",
        "ResourcePath": "DATA/Items/3718.inibin"
    },
    "Values": {
        "Categories": {
            "Armor": "0",
            "AttackSpeed": 1,
            "Consumable": "0",
            "CooldownReduction": "0",
            "CriticalStrike": "0",
            "Damage": 1,
            "Health": "0",
            "HealthRegen": 1,
            "Jungle": 1,
            "LifeSteal": "0",
            "Mana": "0",
            "ManaRegen": 1,
            "NonbootsMovement": "0",
            "OnHit": 1,
            "SpellBlock": "0",
            "SpellDamage": "0",
            "SpellVamp": "0",
            "Vision": "0"
        },
        "Data": {
            "BuildDepth": 1,
            "CanBeDropped": 1,
            "CanBeSold": 1,
            "Clickable": "0",
            "Consumed": "0",
            "Description": "game_item_description_EnchantmentD",
            "DisappersOnDeath": "0",
            "DisplayName": "game_item_displayname_EnchantmentD",
            "DropsOnDeath": "0",
            "DynamicTooltip": "game_item_tooltip_3715_D",
            "Effect1Amount": 45,
            "Effect2Amount": "10",
            "Effect3Amount": 5,
            "Effect4Amount": 2,
            "Effect5Amount": "1500",
            "Effect6Amount": 3,
            "Effect7Amount": 5,
            "Effect8Amount": "20",
            "Epicness": "0",
            "FlatArmorMod": "0",
            "FlatAttackSpeedMod": "0",
            "flatBlockMod": "0",
            "FlatCritChanceMod": "0",
            "FlatCritDamageMod": "0",
            "FlatDodgeMod": "0",
            "flatEXPBonus": "0",
            "FlatHPPoolMod": "0",
            "FlatHPRegenMod": "0",
            "FlatMagicDamageMod": "0",
            "FlatMovementSpeedMod": "0",
            "FlatMPPoolMod": "0",
            "FlatMPRegenMod": "0",
            "FlatPhysicalDamageMod": "0",
            "FlatSpellBlockMod": "0",
            "hideFromAll": 1,
            "InStore": 1,
            "InventoryIcon": "3714_Skirmishers_Sabre2.dds",
            "IsRecipe": 1,
            "ItemCalloutPlayer": "0",
            "ItemClass": 2,
            "ItemGroup": "JungleItems",
            "ItemType": 4,
            "MaxStack": 1,
            "PercentArmorMod": "0",
            "PercentAttackSpeedMod": "0",
            "PercentBaseMPRegenMod": "0",
            "percentBlockMod": "0",
            "PercentCooldownMod": "0",
            "PercentCritChanceMod": "0",
            "PercentCritDamageMod": "0",
            "percentDodgeMod": "0",
            "PercentEXPBonus": "0",
            "PercentHPPoolMod": "0",
            "PercentHPRegenMod": "0",
            "PercentMagicDamageMod": "0",
            "PercentMovementSpeedMod": "0",
            "percentMPPoolMod": "0",
            "PercentMPRegenMod": "0",
            "PercentPhysicalDamageMod": "0",
            "PercentSpellBlockMod": "0",
            "PercentSpellVampMod": "0",
            "Price": "600",
            "RecipeItem1": 3715,
            "RecipeItem2": 1042,
            "RecipeItem3": 1042,
            "RecipeItem4": "0",
            "RequiredSpellName": "SummonerSmite",
            "UsableInStore": "0",
            "UseEffect": "0",
            "UseWhenAcquired": "0"
        }
    }
}