{
    "MetaData": {
        "ContentFormatVersion": 4,
        "Id": "1004",
        "Name": "Faerie Charm",
        "ResourcePath": "DATA/Items/1004.inibin"
    },
    "Values": {
        "Builds": {
            "Item1": 3152,
            "Item2": 3028,
            "Item3": "3070",
            "Item4": 3073,
            "Item5": "1080"
        },
        "Categories": {
            "Armor": "0",
            "AttackSpeed": "0",
            "Consumable": "0",
            "CriticalStrike": "0",
            "Damage": "0",
            "Health": "0",
            "HealthRegen": "0",
            "LifeSteal": "0",
            "Mana": "0",
            "ManaRegen": 1,
            "Movement": "0",
            "SpellBlock": "0",
            "SpellDamage": "0"
        },
        "Data": {
            "AvatarUniqueEffect": "game_item_uniqueeffect_1004",
            "CanBeDropped": 1,
            "CanBeSold": 1,
            "Consumed": "0",
            "Description": "game_item_description_1004",
            "DisappersOnDeath": "0",
            "DisplayName": "game_item_displayname_1004",
            "DropsOnDeath": 1,
            "DynamicTooltip": "game_item_tooltip_1004",
            "Epicness": "0",
            "FlatArmorMod": "0",
            "FlatAttackSpeedMod": "0",
            "flatBlockMod": "0",
            "FlatCritChanceMod": "0",
            "FlatCritDamageMod": "0",
            "FlatDodgeMod": "0",
            "flatEXPBonus": "0",
            "FlatHPPoolMod": "0",
            "FlatHPRegenMod": "0",
            "FlatMagicDamageMod": "0",
            "FlatMovementSpeedMod": "0",
            "FlatMPPoolMod": "0",
            "FlatMPRegenMod": 0.6,
            "FlatPhysicalDamageMod": "0",
            "FlatSpellBlockMod": "0",
            "InStore": 1,
            "InventoryIcon": "1004_Faerie_Charm.dds",
            "IsRecipe": "0",
            "ItemClass": 2,
            "ItemId": 1004,
            "ItemType": 2,
            "MaxStack": 1,
            "PercentArmorMod": "0",
            "PercentAttackSpeedMod": "0",
            "percentBlockMod": "0",
            "PercentCritChanceMod": "0",
            "PercentCritDamageMod": "0",
            "percentDodgeMod": "0",
            "PercentEXPBonus": "0",
            "PercentHPPoolMod": "0",
            "PercentHPRegenMod": "0",
            "PercentMagicDamageMod": "0",
            "PercentMovementSpeedMod": "0",
            "percentMPPoolMod": "0",
            "PercentMPRegenMod": "0",
            "PercentPhysicalDamageMod": "0",
            "PercentSpellBlockMod": "0",
            "Price": "180",
            "UseEffect": "0",
            "UseWhenAcquired": "0"
        },
        "UNKNOWN_HASHES": {
            "213732736": "0",
            "2170881362": "0",
            "2260911910": "0",
            "3993544488": "0"
        }
    }
}