{
    "MetaData": {
        "ContentFormatVersion": 4,
        "Id": "3712",
        "Name": "3712",
        "ResourcePath": "DATA/Items/3712.inibin"
    },
    "Values": {
        "Categories": {
            "Armor": "0",
            "AttackSpeed": "0",
            "Consumable": "0",
            "CooldownReduction": "0",
            "CriticalStrike": "0",
            "Damage": 1,
            "Health": "0",
            "HealthRegen": 1,
            "LifeSteal": "0",
            "Mana": "0",
            "ManaRegen": 1,
            "NonbootsMovement": "0",
            "SpellBlock": "0",
            "SpellDamage": "0",
            "Vision": "0"
        },
        "Data": {
            "BuildDepth": 1,
            "CanBeDropped": 1,
            "CanBeSold": 1,
            "Clickable": "0",
            "Consumed": "0",
            "Description": "game_item_description_3712",
            "DisappersOnDeath": "0",
            "DisplayName": "game_item_displayname_3712",
            "DropsOnDeath": "0",
            "DynamicTooltip": "game_item_tooltip_3712",
            "Effect1Amount": 45,
            "Effect2Amount": "10",
            "Effect3Amount": 4,
            "Effect4Amount": 2,
            "Effect5Amount": 18,
            "Effect6Amount": 3,
            "Effect7Amount": 2,
            "FlatArmorMod": "0",
            "FlatAttackSpeedMod": "0",
            "flatBlockMod": "0",
            "FlatCritChanceMod": "0",
            "FlatCritDamageMod": "0",
            "FlatDodgeMod": "0",
            "flatEXPBonus": "0",
            "FlatHPPoolMod": "0",
            "FlatHPRegenMod": "0",
            "FlatMagicDamageMod": "0",
            "FlatMovementSpeedMod": "0",
            "FlatMPPoolMod": "0",
            "FlatMPRegenMod": "0",
            "FlatPhysicalDamageMod": "0",
            "FlatSpellBlockMod": "0",
            "InStore": "0",
            "InventoryIcon": "3712_Kindled_Spirit.dds",
            "IsRecipe": 1,
            "ItemCalloutPlayer": "0",
            "ItemClass": 2,
            "ItemGroup": "JungleItems",
            "ItemType": 4,
            "MaxStack": 1,
            "PercentArmorMod": "0",
            "PercentAttackSpeedMod": "0",
            "PercentBaseHPRegenMod": "0",
            "PercentBaseMPRegenMod": "0",
            "percentBlockMod": "0",
            "PercentCooldownMod": "0",
            "PercentCritChanceMod": "0",
            "PercentCritDamageMod": "0",
            "percentDodgeMod": "0",
            "PercentEXPBonus": "0",
            "PercentHPPoolMod": "0",
            "PercentHPRegenMod": "0",
            "PercentMagicDamageMod": "0",
            "PercentMovementSpeedMod": "0",
            "percentMPPoolMod": "0",
            "PercentMPRegenMod": "0",
            "PercentPhysicalDamageMod": "0",
            "PercentSpellBlockMod": "0",
            "Price": "350",
            "RecipeItem1": 1039,
            "RecipeItem4": "0",
            "RequiredSpellName": "SummonerSmite",
            "UseEffect": "0",
            "UseWhenAcquired": "0"
        }
    }
}