{
    "MetaData": {
        "ContentFormatVersion": 4,
        "Id": "4009",
        "Name": "4009",
        "ResourcePath": "DATA/Items/4009.inibin"
    },
    "Values": {
        "Categories": {
            "Armor": "0",
            "AttackSpeed": "0",
            "Consumable": "0",
            "CriticalStrike": "0",
            "Damage": "0",
            "Health": "0",
            "HealthRegen": "0",
            "LifeSteal": "0",
            "Mana": "0",
            "ManaRegen": "0",
            "SpellBlock": "0",
            "SpellDamage": "0"
        },
        "Data": {
            "AvatarUniqueEffect": "game_item_uniqueeffect_4009",
            "CanBeDropped": 1,
            "CanBeSold": 1,
            "Consumed": "0",
            "Description": "game_item_description_4009",
            "DisappersOnDeath": "0",
            "DisplayName": "game_item_displayname_4009",
            "DropsOnDeath": "0",
            "FlatArmorMod": "0",
            "FlatAttackSpeedMod": 0.02,
            "flatBlockMod": "0",
            "FlatCritChanceMod": "0",
            "FlatCritDamageMod": "0",
            "FlatDodgeMod": "0",
            "flatEXPBonus": "0",
            "FlatHPPoolMod": "0",
            "FlatHPRegenMod": "0",
            "FlatMagicDamageMod": "0",
            "FlatMovementSpeedMod": "0",
            "FlatMPPoolMod": "0",
            "FlatMPRegenMod": "0",
            "FlatPhysicalDamageMod": 4,
            "FlatSpellBlockMod": "0",
            "InStore": "0",
            "InventoryIcon": "3078_Trinity_Force.dds",
            "IsRecipe": 1,
            "ItemClass": 2,
            "ItemType": 4,
            "MaxStack": 1,
            "PercentArmorMod": "0",
            "percentBlockMod": "0",
            "PercentCritChanceMod": "0",
            "PercentCritDamageMod": "0",
            "percentDodgeMod": "0",
            "PercentEXPBonus": "0",
            "PercentHPPoolMod": "0",
            "PercentHPRegenMod": "0",
            "PercentMagicDamageMod": "0",
            "PercentMovementSpeedMod": "0",
            "percentMPPoolMod": "0",
            "PercentMPRegenMod": "0",
            "PercentPhysicalDamageMod": "0",
            "PercentSpellBlockMod": "0",
            "Price": "600",
            "RecipeItem1": 3044,
            "RecipeItem2": 3057,
            "RecipeItem3": 3086,
            "RecipeItem4": "0",
            "UseEffect": "0",
            "UseWhenAcquired": "0"
        },
        "UNKNOWN_HASHES": {
            "1546321377": 1,
            "2568207556": "0",
            "3448275386": 1,
            "3518384458": 1,
            "973892934": "Weapon"
        }
    }
}