{
    "MetaData": {
        "ContentFormatVersion": 4,
        "Id": "3078",
        "Name": "Trinity Force",
        "ResourcePath": "DATA/Items/3078.inibin"
    },
    "Values": {
        "Categories": {
            "Armor": "0",
            "AttackSpeed": 1,
            "Boots": "0",
            "Consumable": "0",
            "CriticalStrike": 1,
            "Damage": 1,
            "Health": 1,
            "HealthRegen": "0",
            "LifeSteal": "0",
            "Mana": 1,
            "ManaRegen": "0",
            "Movement": 1,
            "NonbootsMovement": 1,
            "OnHit": 1,
            "Slow": "0",
            "SpellBlock": "0",
            "SpellDamage": 1
        },
        "Data": {
            "AvatarUniqueEffect": "game_item_uniqueeffect_3028",
            "CanBeDropped": 1,
            "CanBeSold": 1,
            "Consumed": "0",
            "Description": "game_item_description_3078",
            "DisappersOnDeath": "0",
            "DisplayName": "game_item_displayname_3078",
            "DropsOnDeath": "0",
            "DynamicTooltip": "game_item_tooltip_3078",
            "Epicness": 2,
            "FlatArmorMod": "0",
            "FlatAttackSpeedMod": "0",
            "flatBlockMod": "0",
            "FlatCritChanceMod": 0.1,
            "FlatCritDamageMod": "0",
            "FlatDodgeMod": "0",
            "flatEXPBonus": "0",
            "FlatHPPoolMod": "250",
            "FlatHPRegenMod": "0",
            "FlatMagicDamageMod": "30",
            "FlatMovementSpeedMod": "0",
            "FlatMPPoolMod": "200",
            "FlatMPRegenMod": "0",
            "FlatPhysicalDamageMod": "30",
            "FlatSpellBlockMod": "0",
            "InStore": 1,
            "InventoryIcon": "3078_Trinity_Force.dds",
            "IsRecipe": 1,
            "ItemCalloutSpectator": 1,
            "ItemClass": 2,
            "ItemId": 3078,
            "ItemType": 4,
            "MaxStack": 1,
            "PercentArmorMod": "0",
            "PercentAttackSpeedMod": 0.3,
            "percentBlockMod": "0",
            "PercentCritChanceMod": "0",
            "PercentCritDamageMod": "0",
            "percentDodgeMod": "0",
            "PercentEXPBonus": "0",
            "PercentHPPoolMod": "0",
            "PercentHPRegenMod": "0",
            "PercentLifeStealMod": "0",
            "PercentMagicDamageMod": "0",
            "PercentMovementSpeedMod": 0.08,
            "percentMPPoolMod": "0",
            "PercentMPRegenMod": "0",
            "PercentPhysicalDamageMod": "0",
            "PercentSpellBlockMod": "0",
            "Price": 3,
            "RecipeItem1": 3086,
            "RecipeItem2": 3057,
            "RecipeItem3": 3044,
            "RecipeItem4": "0",
            "SpellName": "",
            "UseEffect": "0",
            "UseWhenAcquired": "0"
        },
        "UNKNOWN_HASHES": {
            "213732736": "0",
            "2170881362": "0",
            "2260911910": "0",
            "3993544488": "0"
        }
    }
}